,antecedents,consequents,antecedent support,consequent support,support,confidence,lift,leverage,conviction
0,frozenset({'PACK OF 72 RETROSPOT CAKE CASES'}),frozenset({'60 TEATIME FAIRY CAKE CASES'}),0.1111111111111111,0.08333333333333333,0.052083333333333336,0.46875000000000006,5.625000000000001,0.04282407407407408,1.7254901960784312
1,frozenset({'60 TEATIME FAIRY CAKE CASES'}),frozenset({'PACK OF 72 RETROSPOT CAKE CASES'}),0.08333333333333333,0.1111111111111111,0.052083333333333336,0.6250000000000001,5.625000000000001,0.04282407407407408,2.370370370370371
2,frozenset({'GREEN REGENCY TEACUP AND SAUCER'}),frozenset({'PINK REGENCY TEACUP AND SAUCER'}),0.125,0.09722222222222222,0.09027777777777778,0.7222222222222222,7.428571428571428,0.078125,3.25
3,frozenset({'PINK REGENCY TEACUP AND SAUCER'}),frozenset({'GREEN REGENCY TEACUP AND SAUCER'}),0.09722222222222222,0.125,0.09027777777777778,0.9285714285714285,7.428571428571428,0.078125,12.249999999999986
4,frozenset({'REGENCY CAKESTAND 3 TIER'}),frozenset({'GREEN REGENCY TEACUP AND SAUCER'}),0.2465277777777778,0.125,0.08680555555555555,0.352112676056338,2.816901408450704,0.05598958333333333,1.3505434782608696
5,frozenset({'GREEN REGENCY TEACUP AND SAUCER'}),frozenset({'REGENCY CAKESTAND 3 TIER'}),0.125,0.2465277777777778,0.08680555555555555,0.6944444444444444,2.816901408450704,0.05598958333333333,2.465909090909091
6,frozenset({'REGENCY MILK JUG PINK'}),frozenset({'GREEN REGENCY TEACUP AND SAUCER'}),0.08680555555555555,0.125,0.059027777777777776,0.68,5.44,0.04817708333333333,2.7343750000000004
7,frozenset({'GREEN REGENCY TEACUP AND SAUCER'}),frozenset({'REGENCY MILK JUG PINK'}),0.125,0.08680555555555555,0.059027777777777776,0.4722222222222222,5.44,0.04817708333333333,1.7302631578947367
8,frozenset({'GREEN REGENCY TEACUP AND SAUCER'}),frozenset({'REGENCY SUGAR BOWL GREEN'}),0.125,0.08680555555555555,0.0625,0.5,5.76,0.05164930555555555,1.8263888888888888
9,frozenset({'REGENCY SUGAR BOWL GREEN'}),frozenset({'GREEN REGENCY TEACUP AND SAUCER'}),0.08680555555555555,0.125,0.0625,0.72,5.76,0.05164930555555555,3.1249999999999996
10,frozenset({'REGENCY TEA PLATE GREEN'}),frozenset({'GREEN REGENCY TEACUP AND SAUCER'}),0.0798611111111111,0.125,0.05555555555555555,0.6956521739130435,5.565217391304348,0.045572916666666664,2.875
11,frozenset({'GREEN REGENCY TEACUP AND SAUCER'}),frozenset({'REGENCY TEA PLATE GREEN'}),0.125,0.0798611111111111,0.05555555555555555,0.4444444444444444,5.565217391304348,0.045572916666666664,1.6562499999999998
12,frozenset({'REGENCY TEA PLATE ROSES'}),frozenset({'GREEN REGENCY TEACUP AND SAUCER'}),0.09027777777777778,0.125,0.052083333333333336,0.576923076923077,4.615384615384616,0.04079861111111111,2.0681818181818183
13,frozenset({'GREEN REGENCY TEACUP AND SAUCER'}),frozenset({'REGENCY TEA PLATE ROSES'}),0.125,0.09027777777777778,0.052083333333333336,0.4166666666666667,4.615384615384616,0.04079861111111111,1.5595238095238098
14,frozenset({'REGENCY TEAPOT ROSES'}),frozenset({'GREEN REGENCY TEACUP AND SAUCER'}),0.06597222222222222,0.125,0.052083333333333336,0.7894736842105263,6.315789473684211,0.04383680555555556,4.15625
15,frozenset({'GREEN REGENCY TEACUP AND SAUCER'}),frozenset({'REGENCY TEAPOT ROSES'}),0.125,0.06597222222222222,0.052083333333333336,0.4166666666666667,6.315789473684211,0.04383680555555556,1.6011904761904765
16,frozenset({'GREEN REGENCY TEACUP AND SAUCER'}),frozenset({'ROSES REGENCY TEACUP AND SAUCER'}),0.125,0.16666666666666666,0.11458333333333333,0.9166666666666666,5.5,0.09375,9.999999999999996
17,frozenset({'ROSES REGENCY TEACUP AND SAUCER'}),frozenset({'GREEN REGENCY TEACUP AND SAUCER'}),0.16666666666666666,0.125,0.11458333333333333,0.6875,5.5,0.09375,2.8
18,frozenset({'RED KITCHEN SCALES'}),frozenset({'IVORY KITCHEN SCALES'}),0.06944444444444445,0.09722222222222222,0.05555555555555555,0.7999999999999999,8.228571428571428,0.04880401234567901,4.5138888888888875
19,frozenset({'IVORY KITCHEN SCALES'}),frozenset({'RED KITCHEN SCALES'}),0.09722222222222222,0.06944444444444445,0.05555555555555555,0.5714285714285714,8.228571428571428,0.04880401234567901,2.1712962962962963
20,frozenset({'JAM MAKING SET PRINTED'}),frozenset({'JAM MAKING SET WITH JARS'}),0.125,0.12152777777777778,0.05555555555555555,0.4444444444444444,3.657142857142857,0.04036458333333333,1.5812499999999998
21,frozenset({'JAM MAKING SET WITH JARS'}),frozenset({'JAM MAKING SET PRINTED'}),0.12152777777777778,0.125,0.05555555555555555,0.45714285714285713,3.657142857142857,0.04036458333333333,1.6118421052631577
22,frozenset({'REGENCY CAKESTAND 3 TIER'}),frozenset({'PACK OF 72 RETROSPOT CAKE CASES'}),0.2465277777777778,0.1111111111111111,0.052083333333333336,0.2112676056338028,1.9014084507042255,0.02469135802469136,1.1269841269841268
23,frozenset({'PACK OF 72 RETROSPOT CAKE CASES'}),frozenset({'REGENCY CAKESTAND 3 TIER'}),0.1111111111111111,0.2465277777777778,0.052083333333333336,0.46875000000000006,1.9014084507042255,0.02469135802469136,1.4183006535947713
24,frozenset({'REGENCY CAKESTAND 3 TIER'}),frozenset({'PINK REGENCY TEACUP AND SAUCER'}),0.2465277777777778,0.09722222222222222,0.06944444444444445,0.28169014084507044,2.89738430583501,0.04547646604938271,1.2568082788671024
25,frozenset({'PINK REGENCY TEACUP AND SAUCER'}),frozenset({'REGENCY CAKESTAND 3 TIER'}),0.09722222222222222,0.2465277777777778,0.06944444444444445,0.7142857142857143,2.89738430583501,0.04547646604938271,2.6371527777777777
26,frozenset({'REGENCY MILK JUG PINK'}),frozenset({'PINK REGENCY TEACUP AND SAUCER'}),0.08680555555555555,0.09722222222222222,0.05555555555555555,0.64,6.582857142857143,0.047116126543209874,2.507716049382716
27,frozenset({'PINK REGENCY TEACUP AND SAUCER'}),frozenset({'REGENCY MILK JUG PINK'}),0.09722222222222222,0.08680555555555555,0.05555555555555555,0.5714285714285714,6.582857142857143,0.047116126543209874,2.1307870370370368
28,frozenset({'REGENCY SUGAR BOWL GREEN'}),frozenset({'PINK REGENCY TEACUP AND SAUCER'}),0.08680555555555555,0.09722222222222222,0.059027777777777776,0.68,6.994285714285715,0.0505883487654321,2.8211805555555562
29,frozenset({'PINK REGENCY TEACUP AND SAUCER'}),frozenset({'REGENCY SUGAR BOWL GREEN'}),0.09722222222222222,0.08680555555555555,0.059027777777777776,0.6071428571428571,6.994285714285714,0.0505883487654321,2.324494949494949
30,frozenset({'REGENCY TEA PLATE PINK'}),frozenset({'PINK REGENCY TEACUP AND SAUCER'}),0.06944444444444445,0.09722222222222222,0.052083333333333336,0.75,7.714285714285714,0.04533179012345679,3.611111111111111
31,frozenset({'PINK REGENCY TEACUP AND SAUCER'}),frozenset({'REGENCY TEA PLATE PINK'}),0.09722222222222222,0.06944444444444445,0.052083333333333336,0.5357142857142857,7.7142857142857135,0.04533179012345679,2.0042735042735043
32,frozenset({'ROSES REGENCY TEACUP AND SAUCER'}),frozenset({'PINK REGENCY TEACUP AND SAUCER'}),0.16666666666666666,0.09722222222222222,0.09375,0.5625,5.785714285714286,0.0775462962962963,2.0634920634920637
33,frozenset({'PINK REGENCY TEACUP AND SAUCER'}),frozenset({'ROSES REGENCY TEACUP AND SAUCER'}),0.09722222222222222,0.16666666666666666,0.09375,0.9642857142857143,5.7857142857142865,0.0775462962962963,23.333333333333346
34,frozenset({'REGENCY MILK JUG PINK'}),frozenset({'REGENCY CAKESTAND 3 TIER'}),0.08680555555555555,0.2465277777777778,0.0625,0.72,2.9205633802816897,0.041100019290123455,2.690972222222222
35,frozenset({'REGENCY CAKESTAND 3 TIER'}),frozenset({'REGENCY MILK JUG PINK'}),0.2465277777777778,0.08680555555555555,0.0625,0.2535211267605634,2.92056338028169,0.041100019290123455,1.2233359538784068
36,frozenset({'REGENCY CAKESTAND 3 TIER'}),frozenset({'REGENCY SUGAR BOWL GREEN'}),0.2465277777777778,0.08680555555555555,0.07291666666666667,0.29577464788732394,3.407323943661972,0.051516685956790126,1.296736111111111
37,frozenset({'REGENCY SUGAR BOWL GREEN'}),frozenset({'REGENCY CAKESTAND 3 TIER'}),0.08680555555555555,0.2465277777777778,0.07291666666666667,0.8400000000000001,3.407323943661972,0.051516685956790126,4.709201388888891
38,frozenset({'REGENCY CAKESTAND 3 TIER'}),frozenset({'REGENCY TEA PLATE GREEN'}),0.2465277777777778,0.0798611111111111,0.06944444444444445,0.28169014084507044,3.527250459277404,0.04975646219135803,1.280977668845316
39,frozenset({'REGENCY TEA PLATE GREEN'}),frozenset({'REGENCY CAKESTAND 3 TIER'}),0.0798611111111111,0.2465277777777778,0.06944444444444445,0.8695652173913044,3.5272504592774037,0.04975646219135803,5.776620370370374
40,frozenset({'REGENCY CAKESTAND 3 TIER'}),frozenset({'REGENCY TEA PLATE PINK'}),0.2465277777777778,0.06944444444444445,0.05555555555555555,0.22535211267605632,3.245070422535211,0.038435570987654315,1.2012626262626263
41,frozenset({'REGENCY TEA PLATE PINK'}),frozenset({'REGENCY CAKESTAND 3 TIER'}),0.06944444444444445,0.2465277777777778,0.05555555555555555,0.7999999999999999,3.245070422535211,0.038435570987654315,3.76736111111111
42,frozenset({'REGENCY CAKESTAND 3 TIER'}),frozenset({'REGENCY TEA PLATE ROSES'}),0.2465277777777778,0.09027777777777778,0.06944444444444445,0.28169014084507044,3.1202600216684724,0.04718846450617284,1.266476034858388
43,frozenset({'REGENCY TEA PLATE ROSES'}),frozenset({'REGENCY CAKESTAND 3 TIER'}),0.09027777777777778,0.2465277777777778,0.06944444444444445,0.7692307692307693,3.1202600216684724,0.04718846450617284,3.2650462962962967
44,frozenset({'REGENCY CAKESTAND 3 TIER'}),frozenset({'REGENCY TEAPOT ROSES'}),0.2465277777777778,0.06597222222222222,0.052083333333333336,0.2112676056338028,3.202372127501853,0.03581934799382716,1.1842137896825395
45,frozenset({'REGENCY TEAPOT ROSES'}),frozenset({'REGENCY CAKESTAND 3 TIER'}),0.06597222222222222,0.2465277777777778,0.052083333333333336,0.7894736842105263,3.202372127501853,0.03581934799382716,3.578993055555556
46,frozenset({'REGENCY CAKESTAND 3 TIER'}),frozenset({'ROSES REGENCY TEACUP AND SAUCER'}),0.2465277777777778,0.16666666666666666,0.1111111111111111,0.45070422535211263,2.704225352112676,0.07002314814814814,1.517094017094017
47,frozenset({'ROSES REGENCY TEACUP AND SAUCER'}),frozenset({'REGENCY CAKESTAND 3 TIER'}),0.16666666666666666,0.2465277777777778,0.1111111111111111,0.6666666666666666,2.7042253521126756,0.07002314814814814,2.2604166666666665
48,frozenset({'REGENCY CAKESTAND 3 TIER'}),frozenset({'SET OF 3 REGENCY CAKE TINS'}),0.2465277777777778,0.12152777777777778,0.06944444444444445,0.28169014084507044,2.317907444668008,0.03948447145061729,1.2229711328976036
49,frozenset({'SET OF 3 REGENCY CAKE TINS'}),frozenset({'REGENCY CAKESTAND 3 TIER'}),0.12152777777777778,0.2465277777777778,0.06944444444444445,0.5714285714285715,2.317907444668008,0.03948447145061729,1.758101851851852
50,frozenset({'REGENCY MILK JUG PINK'}),frozenset({'REGENCY SUGAR BOWL GREEN'}),0.08680555555555555,0.08680555555555555,0.06944444444444445,0.8,9.216000000000001,0.061909239969135804,4.565972222222223
51,frozenset({'REGENCY SUGAR BOWL GREEN'}),frozenset({'REGENCY MILK JUG PINK'}),0.08680555555555555,0.08680555555555555,0.06944444444444445,0.8,9.216000000000001,0.061909239969135804,4.565972222222223
52,frozenset({'REGENCY MILK JUG PINK'}),frozenset({'REGENCY TEA PLATE GREEN'}),0.08680555555555555,0.0798611111111111,0.052083333333333336,0.6000000000000001,7.5130434782608715,0.045150945216049385,2.3003472222222228
53,frozenset({'REGENCY TEA PLATE GREEN'}),frozenset({'REGENCY MILK JUG PINK'}),0.0798611111111111,0.08680555555555555,0.052083333333333336,0.6521739130434784,7.5130434782608715,0.045150945216049385,2.6254340277777786
54,frozenset({'REGENCY MILK JUG PINK'}),frozenset({'REGENCY TEA PLATE PINK'}),0.08680555555555555,0.06944444444444445,0.052083333333333336,0.6000000000000001,8.64,0.04605516975308642,2.3263888888888893
55,frozenset({'REGENCY TEA PLATE PINK'}),frozenset({'REGENCY MILK JUG PINK'}),0.06944444444444445,0.08680555555555555,0.052083333333333336,0.75,8.64,0.04605516975308642,3.6527777777777777
56,frozenset({'REGENCY MILK JUG PINK'}),frozenset({'REGENCY TEA PLATE ROSES'}),0.08680555555555555,0.09027777777777778,0.052083333333333336,0.6000000000000001,6.646153846153847,0.04424672067901235,2.2743055555555562
57,frozenset({'REGENCY TEA PLATE ROSES'}),frozenset({'REGENCY MILK JUG PINK'}),0.09027777777777778,0.08680555555555555,0.052083333333333336,0.576923076923077,6.646153846153847,0.04424672067901235,2.158459595959596
58,frozenset({'REGENCY MILK JUG PINK'}),frozenset({'REGENCY TEAPOT ROSES'}),0.08680555555555555,0.06597222222222222,0.052083333333333336,0.6000000000000001,9.094736842105265,0.04635657793209877,2.335069444444445
59,frozenset({'REGENCY TEAPOT ROSES'}),frozenset({'REGENCY MILK JUG PINK'}),0.06597222222222222,0.08680555555555555,0.052083333333333336,0.7894736842105263,9.094736842105263,0.04635657793209877,4.337673611111112
60,frozenset({'REGENCY MILK JUG PINK'}),frozenset({'ROSES REGENCY TEACUP AND SAUCER'}),0.08680555555555555,0.16666666666666666,0.06597222222222222,0.76,4.5600000000000005,0.051504629629629636,3.4722222222222223
61,frozenset({'ROSES REGENCY TEACUP AND SAUCER'}),frozenset({'REGENCY MILK JUG PINK'}),0.16666666666666666,0.08680555555555555,0.06597222222222222,0.39583333333333337,4.5600000000000005,0.051504629629629636,1.5114942528735633
62,frozenset({'REGENCY TEA PLATE GREEN'}),frozenset({'REGENCY SUGAR BOWL GREEN'}),0.0798611111111111,0.08680555555555555,0.052083333333333336,0.6521739130434784,7.5130434782608715,0.045150945216049385,2.6254340277777786
63,frozenset({'REGENCY SUGAR BOWL GREEN'}),frozenset({'REGENCY TEA PLATE GREEN'}),0.08680555555555555,0.0798611111111111,0.052083333333333336,0.6000000000000001,7.5130434782608715,0.045150945216049385,2.3003472222222228
64,frozenset({'REGENCY TEA PLATE PINK'}),frozenset({'REGENCY SUGAR BOWL GREEN'}),0.06944444444444445,0.08680555555555555,0.052083333333333336,0.75,8.64,0.04605516975308642,3.6527777777777777
65,frozenset({'REGENCY SUGAR BOWL GREEN'}),frozenset({'REGENCY TEA PLATE PINK'}),0.08680555555555555,0.06944444444444445,0.052083333333333336,0.6000000000000001,8.64,0.04605516975308642,2.3263888888888893
66,frozenset({'REGENCY TEA PLATE ROSES'}),frozenset({'REGENCY SUGAR BOWL GREEN'}),0.09027777777777778,0.08680555555555555,0.05555555555555555,0.6153846153846153,7.089230769230769,0.047718942901234566,2.374305555555555
67,frozenset({'REGENCY SUGAR BOWL GREEN'}),frozenset({'REGENCY TEA PLATE ROSES'}),0.08680555555555555,0.09027777777777778,0.05555555555555555,0.64,7.0892307692307694,0.047718942901234566,2.5270061728395063
68,frozenset({'REGENCY TEAPOT ROSES'}),frozenset({'REGENCY SUGAR BOWL GREEN'}),0.06597222222222222,0.08680555555555555,0.0625,0.9473684210526315,10.913684210526316,0.056773244598765434,17.350694444444425
69,frozenset({'REGENCY SUGAR BOWL GREEN'}),frozenset({'REGENCY TEAPOT ROSES'}),0.08680555555555555,0.06597222222222222,0.0625,0.72,10.913684210526315,0.056773244598765434,3.3358134920634916
70,frozenset({'ROSES REGENCY TEACUP AND SAUCER'}),frozenset({'REGENCY SUGAR BOWL GREEN'}),0.16666666666666666,0.08680555555555555,0.07291666666666667,0.43750000000000006,5.040000000000001,0.058449074074074084,1.6234567901234567
71,frozenset({'REGENCY SUGAR BOWL GREEN'}),frozenset({'ROSES REGENCY TEACUP AND SAUCER'}),0.08680555555555555,0.16666666666666666,0.07291666666666667,0.8400000000000001,5.040000000000001,0.058449074074074084,5.208333333333337
72,frozenset({'REGENCY TEA PLATE GREEN'}),frozenset({'REGENCY TEA PLATE PINK'}),0.0798611111111111,0.06944444444444445,0.0625,0.782608695652174,11.269565217391305,0.05695408950617284,4.280555555555556
73,frozenset({'REGENCY TEA PLATE PINK'}),frozenset({'REGENCY TEA PLATE GREEN'}),0.06944444444444445,0.0798611111111111,0.0625,0.8999999999999999,11.269565217391303,0.05695408950617284,9.20138888888888
74,frozenset({'REGENCY TEA PLATE ROSES'}),frozenset({'REGENCY TEA PLATE GREEN'}),0.09027777777777778,0.0798611111111111,0.06944444444444445,0.7692307692307693,9.632107023411372,0.06223476080246914,3.987268518518519
75,frozenset({'REGENCY TEA PLATE GREEN'}),frozenset({'REGENCY TEA PLATE ROSES'}),0.0798611111111111,0.09027777777777778,0.06944444444444445,0.8695652173913044,9.632107023411372,0.06223476080246914,6.974537037037042
76,frozenset({'REGENCY TEA PLATE GREEN'}),frozenset({'ROSES REGENCY TEACUP AND SAUCER'}),0.0798611111111111,0.16666666666666666,0.059027777777777776,0.7391304347826088,4.434782608695653,0.045717592592592594,3.1944444444444455
77,frozenset({'ROSES REGENCY TEACUP AND SAUCER'}),frozenset({'REGENCY TEA PLATE GREEN'}),0.16666666666666666,0.0798611111111111,0.059027777777777776,0.3541666666666667,4.434782608695652,0.045717592592592594,1.424731182795699
78,frozenset({'REGENCY TEA PLATE ROSES'}),frozenset({'REGENCY TEA PLATE PINK'}),0.09027777777777778,0.06944444444444445,0.059027777777777776,0.6538461538461539,9.415384615384616,0.052758487654320986,2.6882716049382718
79,frozenset({'REGENCY TEA PLATE PINK'}),frozenset({'REGENCY TEA PLATE ROSES'}),0.06944444444444445,0.09027777777777778,0.059027777777777776,0.85,9.415384615384616,0.052758487654320986,6.064814814814814
80,frozenset({'REGENCY TEA PLATE PINK'}),frozenset({'ROSES REGENCY TEACUP AND SAUCER'}),0.06944444444444445,0.16666666666666666,0.05555555555555555,0.7999999999999999,4.8,0.04398148148148148,4.166666666666665
81,frozenset({'ROSES REGENCY TEACUP AND SAUCER'}),frozenset({'REGENCY TEA PLATE PINK'}),0.16666666666666666,0.06944444444444445,0.05555555555555555,0.3333333333333333,4.8,0.04398148148148148,1.3958333333333333
82,frozenset({'REGENCY TEA PLATE ROSES'}),frozenset({'ROSES REGENCY TEACUP AND SAUCER'}),0.09027777777777778,0.16666666666666666,0.06597222222222222,0.7307692307692308,4.384615384615385,0.05092592592592593,3.0952380952380962
83,frozenset({'ROSES REGENCY TEACUP AND SAUCER'}),frozenset({'REGENCY TEA PLATE ROSES'}),0.16666666666666666,0.09027777777777778,0.06597222222222222,0.39583333333333337,4.384615384615385,0.05092592592592593,1.5057471264367817
84,frozenset({'REGENCY TEAPOT ROSES'}),frozenset({'ROSES REGENCY TEACUP AND SAUCER'}),0.06597222222222222,0.16666666666666666,0.059027777777777776,0.8947368421052632,5.36842105263158,0.048032407407407406,7.916666666666668
85,frozenset({'ROSES REGENCY TEACUP AND SAUCER'}),frozenset({'REGENCY TEAPOT ROSES'}),0.16666666666666666,0.06597222222222222,0.059027777777777776,0.3541666666666667,5.368421052631579,0.048032407407407406,1.4462365591397852
86,"frozenset({'REGENCY CAKESTAND 3 TIER', 'GREEN REGENCY TEACUP AND SAUCER'})",frozenset({'PINK REGENCY TEACUP AND SAUCER'}),0.08680555555555555,0.09722222222222222,0.06597222222222222,0.76,7.817142857142857,0.057532793209876545,3.7615740740740744
87,"frozenset({'REGENCY CAKESTAND 3 TIER', 'PINK REGENCY TEACUP AND SAUCER'})",frozenset({'GREEN REGENCY TEACUP AND SAUCER'}),0.06944444444444445,0.125,0.06597222222222222,0.95,7.6,0.05729166666666667,17.499999999999986
88,"frozenset({'GREEN REGENCY TEACUP AND SAUCER', 'PINK REGENCY TEACUP AND SAUCER'})",frozenset({'REGENCY CAKESTAND 3 TIER'}),0.09027777777777778,0.2465277777777778,0.06597222222222222,0.7307692307692308,2.964247020585049,0.043716242283950615,2.7986111111111116
89,frozenset({'REGENCY CAKESTAND 3 TIER'}),"frozenset({'GREEN REGENCY TEACUP AND SAUCER', 'PINK REGENCY TEACUP AND SAUCER'})",0.2465277777777778,0.09027777777777778,0.06597222222222222,0.2676056338028169,2.9642470205850486,0.043716242283950615,1.2421207264957264
90,frozenset({'GREEN REGENCY TEACUP AND SAUCER'}),"frozenset({'REGENCY CAKESTAND 3 TIER', 'PINK REGENCY TEACUP AND SAUCER'})",0.125,0.06944444444444445,0.06597222222222222,0.5277777777777778,7.6,0.05729166666666667,1.9705882352941178
91,frozenset({'PINK REGENCY TEACUP AND SAUCER'}),"frozenset({'REGENCY CAKESTAND 3 TIER', 'GREEN REGENCY TEACUP AND SAUCER'})",0.09722222222222222,0.08680555555555555,0.06597222222222222,0.6785714285714286,7.817142857142858,0.057532793209876545,2.8410493827160495
92,"frozenset({'REGENCY SUGAR BOWL GREEN', 'GREEN REGENCY TEACUP AND SAUCER'})",frozenset({'PINK REGENCY TEACUP AND SAUCER'}),0.0625,0.09722222222222222,0.052083333333333336,0.8333333333333334,8.571428571428571,0.04600694444444445,5.416666666666668
93,"frozenset({'GREEN REGENCY TEACUP AND SAUCER', 'PINK REGENCY TEACUP AND SAUCER'})",frozenset({'REGENCY SUGAR BOWL GREEN'}),0.09027777777777778,0.08680555555555555,0.052083333333333336,0.576923076923077,6.646153846153847,0.04424672067901235,2.158459595959596
94,"frozenset({'REGENCY SUGAR BOWL GREEN', 'PINK REGENCY TEACUP AND SAUCER'})",frozenset({'GREEN REGENCY TEACUP AND SAUCER'}),0.059027777777777776,0.125,0.052083333333333336,0.8823529411764707,7.058823529411765,0.04470486111111111,7.437500000000005
95,frozenset({'GREEN REGENCY TEACUP AND SAUCER'}),"frozenset({'REGENCY SUGAR BOWL GREEN', 'PINK REGENCY TEACUP AND SAUCER'})",0.125,0.059027777777777776,0.052083333333333336,0.4166666666666667,7.058823529411765,0.04470486111111111,1.6130952380952384
96,frozenset({'REGENCY SUGAR BOWL GREEN'}),"frozenset({'GREEN REGENCY TEACUP AND SAUCER', 'PINK REGENCY TEACUP AND SAUCER'})",0.08680555555555555,0.09027777777777778,0.052083333333333336,0.6000000000000001,6.646153846153847,0.04424672067901235,2.2743055555555562
97,frozenset({'PINK REGENCY TEACUP AND SAUCER'}),"frozenset({'REGENCY SUGAR BOWL GREEN', 'GREEN REGENCY TEACUP AND SAUCER'})",0.09722222222222222,0.0625,0.052083333333333336,0.5357142857142857,8.571428571428571,0.04600694444444445,2.019230769230769
98,"frozenset({'ROSES REGENCY TEACUP AND SAUCER', 'GREEN REGENCY TEACUP AND SAUCER'})",frozenset({'PINK REGENCY TEACUP AND SAUCER'}),0.11458333333333333,0.09722222222222222,0.08680555555555555,0.7575757575757576,7.792207792207792,0.07566550925925926,3.7239583333333335
99,"frozenset({'GREEN REGENCY TEACUP AND SAUCER', 'PINK REGENCY TEACUP AND SAUCER'})",frozenset({'ROSES REGENCY TEACUP AND SAUCER'}),0.09027777777777778,0.16666666666666666,0.08680555555555555,0.9615384615384616,5.76923076923077,0.07175925925925926,21.666666666666682
100,"frozenset({'ROSES REGENCY TEACUP AND SAUCER', 'PINK REGENCY TEACUP AND SAUCER'})",frozenset({'GREEN REGENCY TEACUP AND SAUCER'}),0.09375,0.125,0.08680555555555555,0.9259259259259259,7.407407407407407,0.07508680555555555,11.8125
101,frozenset({'GREEN REGENCY TEACUP AND SAUCER'}),"frozenset({'ROSES REGENCY TEACUP AND SAUCER', 'PINK REGENCY TEACUP AND SAUCER'})",0.125,0.09375,0.08680555555555555,0.6944444444444444,7.407407407407407,0.07508680555555555,2.965909090909091
102,frozenset({'ROSES REGENCY TEACUP AND SAUCER'}),"frozenset({'GREEN REGENCY TEACUP AND SAUCER', 'PINK REGENCY TEACUP AND SAUCER'})",0.16666666666666666,0.09027777777777778,0.08680555555555555,0.5208333333333334,5.76923076923077,0.07175925925925926,1.8985507246376814
103,frozenset({'PINK REGENCY TEACUP AND SAUCER'}),"frozenset({'ROSES REGENCY TEACUP AND SAUCER', 'GREEN REGENCY TEACUP AND SAUCER'})",0.09722222222222222,0.11458333333333333,0.08680555555555555,0.8928571428571428,7.792207792207792,0.07566550925925926,8.263888888888884
104,"frozenset({'REGENCY CAKESTAND 3 TIER', 'GREEN REGENCY TEACUP AND SAUCER'})",frozenset({'REGENCY SUGAR BOWL GREEN'}),0.08680555555555555,0.08680555555555555,0.05555555555555555,0.64,7.372800000000001,0.04802035108024691,2.536651234567901
105,"frozenset({'REGENCY CAKESTAND 3 TIER', 'REGENCY SUGAR BOWL GREEN'})",frozenset({'GREEN REGENCY TEACUP AND SAUCER'}),0.07291666666666667,0.125,0.05555555555555555,0.7619047619047619,6.095238095238095,0.04644097222222222,3.6749999999999994
106,"frozenset({'REGENCY SUGAR BOWL GREEN', 'GREEN REGENCY TEACUP AND SAUCER'})",frozenset({'REGENCY CAKESTAND 3 TIER'}),0.0625,0.2465277777777778,0.05555555555555555,0.8888888888888888,3.605633802816901,0.04014756944444444,6.7812499999999964
107,frozenset({'REGENCY CAKESTAND 3 TIER'}),"frozenset({'REGENCY SUGAR BOWL GREEN', 'GREEN REGENCY TEACUP AND SAUCER'})",0.2465277777777778,0.0625,0.05555555555555555,0.22535211267605632,3.605633802816901,0.04014756944444444,1.2102272727272727
108,frozenset({'GREEN REGENCY TEACUP AND SAUCER'}),"frozenset({'REGENCY CAKESTAND 3 TIER', 'REGENCY SUGAR BOWL GREEN'})",0.125,0.07291666666666667,0.05555555555555555,0.4444444444444444,6.095238095238095,0.04644097222222222,1.66875
109,frozenset({'REGENCY SUGAR BOWL GREEN'}),"frozenset({'REGENCY CAKESTAND 3 TIER', 'GREEN REGENCY TEACUP AND SAUCER'})",0.08680555555555555,0.08680555555555555,0.05555555555555555,0.64,7.372800000000001,0.04802035108024691,2.536651234567901
110,"frozenset({'REGENCY CAKESTAND 3 TIER', 'REGENCY TEA PLATE GREEN'})",frozenset({'GREEN REGENCY TEACUP AND SAUCER'}),0.06944444444444445,0.125,0.052083333333333336,0.75,6.0,0.043402777777777776,3.5
111,"frozenset({'REGENCY CAKESTAND 3 TIER', 'GREEN REGENCY TEACUP AND SAUCER'})",frozenset({'REGENCY TEA PLATE GREEN'}),0.08680555555555555,0.0798611111111111,0.052083333333333336,0.6000000000000001,7.5130434782608715,0.045150945216049385,2.3003472222222228
112,"frozenset({'REGENCY TEA PLATE GREEN', 'GREEN REGENCY TEACUP AND SAUCER'})",frozenset({'REGENCY CAKESTAND 3 TIER'}),0.05555555555555555,0.2465277777777778,0.052083333333333336,0.9375000000000001,3.802816901408451,0.03838734567901235,12.055555555555577
113,frozenset({'REGENCY CAKESTAND 3 TIER'}),"frozenset({'REGENCY TEA PLATE GREEN', 'GREEN REGENCY TEACUP AND SAUCER'})",0.2465277777777778,0.05555555555555555,0.052083333333333336,0.2112676056338028,3.802816901408451,0.03838734567901235,1.1974206349206349
114,frozenset({'REGENCY TEA PLATE GREEN'}),"frozenset({'REGENCY CAKESTAND 3 TIER', 'GREEN REGENCY TEACUP AND SAUCER'})",0.0798611111111111,0.08680555555555555,0.052083333333333336,0.6521739130434784,7.5130434782608715,0.045150945216049385,2.6254340277777786
115,frozenset({'GREEN REGENCY TEACUP AND SAUCER'}),"frozenset({'REGENCY CAKESTAND 3 TIER', 'REGENCY TEA PLATE GREEN'})",0.125,0.06944444444444445,0.052083333333333336,0.4166666666666667,6.0,0.043402777777777776,1.5952380952380956
116,"frozenset({'REGENCY CAKESTAND 3 TIER', 'GREEN REGENCY TEACUP AND SAUCER'})",frozenset({'ROSES REGENCY TEACUP AND SAUCER'}),0.08680555555555555,0.16666666666666666,0.08680555555555555,1.0,6.0,0.07233796296296297,inf
117,"frozenset({'REGENCY CAKESTAND 3 TIER', 'ROSES REGENCY TEACUP AND SAUCER'})",frozenset({'GREEN REGENCY TEACUP AND SAUCER'}),0.1111111111111111,0.125,0.08680555555555555,0.78125,6.25,0.07291666666666666,4.0
118,"frozenset({'ROSES REGENCY TEACUP AND SAUCER', 'GREEN REGENCY TEACUP AND SAUCER'})",frozenset({'REGENCY CAKESTAND 3 TIER'}),0.11458333333333333,0.2465277777777778,0.08680555555555555,0.7575757575757576,3.0729833546734953,0.05855758101851852,3.1080729166666665
119,frozenset({'REGENCY CAKESTAND 3 TIER'}),"frozenset({'ROSES REGENCY TEACUP AND SAUCER', 'GREEN REGENCY TEACUP AND SAUCER'})",0.2465277777777778,0.11458333333333333,0.08680555555555555,0.352112676056338,3.0729833546734953,0.05855758101851852,1.366621376811594
120,frozenset({'GREEN REGENCY TEACUP AND SAUCER'}),"frozenset({'REGENCY CAKESTAND 3 TIER', 'ROSES REGENCY TEACUP AND SAUCER'})",0.125,0.1111111111111111,0.08680555555555555,0.6944444444444444,6.25,0.07291666666666666,2.9090909090909087
121,frozenset({'ROSES REGENCY TEACUP AND SAUCER'}),"frozenset({'REGENCY CAKESTAND 3 TIER', 'GREEN REGENCY TEACUP AND SAUCER'})",0.16666666666666666,0.08680555555555555,0.08680555555555555,0.5208333333333334,6.000000000000001,0.07233796296296297,1.9057971014492754
122,"frozenset({'REGENCY MILK JUG PINK', 'GREEN REGENCY TEACUP AND SAUCER'})",frozenset({'ROSES REGENCY TEACUP AND SAUCER'}),0.059027777777777776,0.16666666666666666,0.05555555555555555,0.9411764705882353,5.647058823529412,0.04571759259259259,14.166666666666664
123,"frozenset({'REGENCY MILK JUG PINK', 'ROSES REGENCY TEACUP AND SAUCER'})",frozenset({'GREEN REGENCY TEACUP AND SAUCER'}),0.06597222222222222,0.125,0.05555555555555555,0.8421052631578947,6.7368421052631575,0.047309027777777776,5.541666666666665
124,"frozenset({'ROSES REGENCY TEACUP AND SAUCER', 'GREEN REGENCY TEACUP AND SAUCER'})",frozenset({'REGENCY MILK JUG PINK'}),0.11458333333333333,0.08680555555555555,0.05555555555555555,0.48484848484848486,5.585454545454546,0.04560908564814815,1.772671568627451
125,frozenset({'REGENCY MILK JUG PINK'}),"frozenset({'ROSES REGENCY TEACUP AND SAUCER', 'GREEN REGENCY TEACUP AND SAUCER'})",0.08680555555555555,0.11458333333333333,0.05555555555555555,0.64,5.585454545454546,0.04560908564814815,2.459490740740741
126,frozenset({'GREEN REGENCY TEACUP AND SAUCER'}),"frozenset({'REGENCY MILK JUG PINK', 'ROSES REGENCY TEACUP AND SAUCER'})",0.125,0.06597222222222222,0.05555555555555555,0.4444444444444444,6.7368421052631575,0.047309027777777776,1.68125
127,frozenset({'ROSES REGENCY TEACUP AND SAUCER'}),"frozenset({'REGENCY MILK JUG PINK', 'GREEN REGENCY TEACUP AND SAUCER'})",0.16666666666666666,0.059027777777777776,0.05555555555555555,0.3333333333333333,5.647058823529411,0.04571759259259259,1.4114583333333333
128,"frozenset({'GREEN REGENCY TEACUP AND SAUCER', 'ROSES REGENCY TEACUP AND SAUCER'})",frozenset({'REGENCY SUGAR BOWL GREEN'}),0.11458333333333333,0.08680555555555555,0.0625,0.5454545454545455,6.283636363636365,0.052553530092592594,2.009027777777778
129,"frozenset({'REGENCY SUGAR BOWL GREEN', 'ROSES REGENCY TEACUP AND SAUCER'})",frozenset({'GREEN REGENCY TEACUP AND SAUCER'}),0.07291666666666667,0.125,0.0625,0.8571428571428571,6.857142857142857,0.053385416666666664,6.124999999999998
130,"frozenset({'REGENCY SUGAR BOWL GREEN', 'GREEN REGENCY TEACUP AND SAUCER'})",frozenset({'ROSES REGENCY TEACUP AND SAUCER'}),0.0625,0.16666666666666666,0.0625,1.0,6.0,0.052083333333333336,inf
131,frozenset({'ROSES REGENCY TEACUP AND SAUCER'}),"frozenset({'REGENCY SUGAR BOWL GREEN', 'GREEN REGENCY TEACUP AND SAUCER'})",0.16666666666666666,0.0625,0.0625,0.375,6.0,0.052083333333333336,1.5
132,frozenset({'GREEN REGENCY TEACUP AND SAUCER'}),"frozenset({'REGENCY SUGAR BOWL GREEN', 'ROSES REGENCY TEACUP AND SAUCER'})",0.125,0.07291666666666667,0.0625,0.5,6.857142857142857,0.053385416666666664,1.8541666666666667
133,frozenset({'REGENCY SUGAR BOWL GREEN'}),"frozenset({'GREEN REGENCY TEACUP AND SAUCER', 'ROSES REGENCY TEACUP AND SAUCER'})",0.08680555555555555,0.11458333333333333,0.0625,0.72,6.283636363636363,0.052553530092592594,3.1622023809523805
134,"frozenset({'REGENCY TEA PLATE GREEN', 'GREEN REGENCY TEACUP AND SAUCER'})",frozenset({'ROSES REGENCY TEACUP AND SAUCER'}),0.05555555555555555,0.16666666666666666,0.052083333333333336,0.9375000000000001,5.625000000000001,0.04282407407407408,13.333333333333357
135,"frozenset({'REGENCY TEA PLATE GREEN', 'ROSES REGENCY TEACUP AND SAUCER'})",frozenset({'GREEN REGENCY TEACUP AND SAUCER'}),0.059027777777777776,0.125,0.052083333333333336,0.8823529411764707,7.058823529411765,0.04470486111111111,7.437500000000005
136,"frozenset({'ROSES REGENCY TEACUP AND SAUCER', 'GREEN REGENCY TEACUP AND SAUCER'})",frozenset({'REGENCY TEA PLATE GREEN'}),0.11458333333333333,0.0798611111111111,0.052083333333333336,0.4545454545454546,5.691699604743084,0.042932581018518524,1.6869212962962963
137,frozenset({'REGENCY TEA PLATE GREEN'}),"frozenset({'ROSES REGENCY TEACUP AND SAUCER', 'GREEN REGENCY TEACUP AND SAUCER'})",0.0798611111111111,0.11458333333333333,0.052083333333333336,0.6521739130434784,5.691699604743084,0.042932581018518524,2.5455729166666674
138,frozenset({'GREEN REGENCY TEACUP AND SAUCER'}),"frozenset({'REGENCY TEA PLATE GREEN', 'ROSES REGENCY TEACUP AND SAUCER'})",0.125,0.059027777777777776,0.052083333333333336,0.4166666666666667,7.058823529411765,0.04470486111111111,1.6130952380952384
139,frozenset({'ROSES REGENCY TEACUP AND SAUCER'}),"frozenset({'REGENCY TEA PLATE GREEN', 'GREEN REGENCY TEACUP AND SAUCER'})",0.16666666666666666,0.05555555555555555,0.052083333333333336,0.31250000000000006,5.625000000000001,0.04282407407407408,1.3737373737373737
140,"frozenset({'REGENCY TEAPOT ROSES', 'GREEN REGENCY TEACUP AND SAUCER'})",frozenset({'ROSES REGENCY TEACUP AND SAUCER'}),0.052083333333333336,0.16666666666666666,0.052083333333333336,1.0,6.0,0.043402777777777776,inf
141,"frozenset({'REGENCY TEAPOT ROSES', 'ROSES REGENCY TEACUP AND SAUCER'})",frozenset({'GREEN REGENCY TEACUP AND SAUCER'}),0.059027777777777776,0.125,0.052083333333333336,0.8823529411764707,7.058823529411765,0.04470486111111111,7.437500000000005
142,"frozenset({'ROSES REGENCY TEACUP AND SAUCER', 'GREEN REGENCY TEACUP AND SAUCER'})",frozenset({'REGENCY TEAPOT ROSES'}),0.11458333333333333,0.06597222222222222,0.052083333333333336,0.4545454545454546,6.889952153110048,0.044524016203703706,1.7123842592592593
143,frozenset({'REGENCY TEAPOT ROSES'}),"frozenset({'ROSES REGENCY TEACUP AND SAUCER', 'GREEN REGENCY TEACUP AND SAUCER'})",0.06597222222222222,0.11458333333333333,0.052083333333333336,0.7894736842105263,6.889952153110048,0.044524016203703706,4.205729166666667
144,frozenset({'GREEN REGENCY TEACUP AND SAUCER'}),"frozenset({'REGENCY TEAPOT ROSES', 'ROSES REGENCY TEACUP AND SAUCER'})",0.125,0.059027777777777776,0.052083333333333336,0.4166666666666667,7.058823529411765,0.04470486111111111,1.6130952380952384
145,frozenset({'ROSES REGENCY TEACUP AND SAUCER'}),"frozenset({'REGENCY TEAPOT ROSES', 'GREEN REGENCY TEACUP AND SAUCER'})",0.16666666666666666,0.052083333333333336,0.052083333333333336,0.31250000000000006,6.000000000000001,0.043402777777777776,1.3787878787878787
146,"frozenset({'REGENCY CAKESTAND 3 TIER', 'ROSES REGENCY TEACUP AND SAUCER'})",frozenset({'PINK REGENCY TEACUP AND SAUCER'}),0.1111111111111111,0.09722222222222222,0.06944444444444445,0.6250000000000001,6.42857142857143,0.05864197530864198,2.4074074074074083
147,"frozenset({'REGENCY CAKESTAND 3 TIER', 'PINK REGENCY TEACUP AND SAUCER'})",frozenset({'ROSES REGENCY TEACUP AND SAUCER'}),0.06944444444444445,0.16666666666666666,0.06944444444444445,1.0,6.0,0.05787037037037038,inf
148,"frozenset({'ROSES REGENCY TEACUP AND SAUCER', 'PINK REGENCY TEACUP AND SAUCER'})",frozenset({'REGENCY CAKESTAND 3 TIER'}),0.09375,0.2465277777777778,0.06944444444444445,0.7407407407407408,3.0046948356807515,0.046332465277777776,2.906250000000001
149,frozenset({'REGENCY CAKESTAND 3 TIER'}),"frozenset({'ROSES REGENCY TEACUP AND SAUCER', 'PINK REGENCY TEACUP AND SAUCER'})",0.2465277777777778,0.09375,0.06944444444444445,0.28169014084507044,3.0046948356807515,0.046332465277777776,1.2616421568627452
150,frozenset({'ROSES REGENCY TEACUP AND SAUCER'}),"frozenset({'REGENCY CAKESTAND 3 TIER', 'PINK REGENCY TEACUP AND SAUCER'})",0.16666666666666666,0.06944444444444445,0.06944444444444445,0.4166666666666667,6.0,0.05787037037037038,1.5952380952380956
151,frozenset({'PINK REGENCY TEACUP AND SAUCER'}),"frozenset({'REGENCY CAKESTAND 3 TIER', 'ROSES REGENCY TEACUP AND SAUCER'})",0.09722222222222222,0.1111111111111111,0.06944444444444445,0.7142857142857143,6.428571428571429,0.05864197530864198,3.111111111111111
152,"frozenset({'REGENCY MILK JUG PINK', 'ROSES REGENCY TEACUP AND SAUCER'})",frozenset({'PINK REGENCY TEACUP AND SAUCER'}),0.06597222222222222,0.09722222222222222,0.05555555555555555,0.8421052631578947,8.661654135338345,0.04914158950617284,5.717592592592591
153,"frozenset({'REGENCY MILK JUG PINK', 'PINK REGENCY TEACUP AND SAUCER'})",frozenset({'ROSES REGENCY TEACUP AND SAUCER'}),0.05555555555555555,0.16666666666666666,0.05555555555555555,1.0,6.0,0.046296296296296294,inf
154,"frozenset({'ROSES REGENCY TEACUP AND SAUCER', 'PINK REGENCY TEACUP AND SAUCER'})",frozenset({'REGENCY MILK JUG PINK'}),0.09375,0.08680555555555555,0.05555555555555555,0.5925925925925926,6.826666666666666,0.047417534722222224,2.2414772727272725
155,frozenset({'REGENCY MILK JUG PINK'}),"frozenset({'ROSES REGENCY TEACUP AND SAUCER', 'PINK REGENCY TEACUP AND SAUCER'})",0.08680555555555555,0.09375,0.05555555555555555,0.64,6.826666666666667,0.047417534722222224,2.517361111111111
156,frozenset({'ROSES REGENCY TEACUP AND SAUCER'}),"frozenset({'REGENCY MILK JUG PINK', 'PINK REGENCY TEACUP AND SAUCER'})",0.16666666666666666,0.05555555555555555,0.05555555555555555,0.3333333333333333,6.0,0.046296296296296294,1.4166666666666665
157,frozenset({'PINK REGENCY TEACUP AND SAUCER'}),"frozenset({'REGENCY MILK JUG PINK', 'ROSES REGENCY TEACUP AND SAUCER'})",0.09722222222222222,0.06597222222222222,0.05555555555555555,0.5714285714285714,8.661654135338345,0.04914158950617284,2.179398148148148
158,"frozenset({'REGENCY SUGAR BOWL GREEN', 'ROSES REGENCY TEACUP AND SAUCER'})",frozenset({'PINK REGENCY TEACUP AND SAUCER'}),0.07291666666666667,0.09722222222222222,0.059027777777777776,0.8095238095238094,8.326530612244897,0.051938657407407406,4.739583333333331
159,"frozenset({'ROSES REGENCY TEACUP AND SAUCER', 'PINK REGENCY TEACUP AND SAUCER'})",frozenset({'REGENCY SUGAR BOWL GREEN'}),0.09375,0.08680555555555555,0.059027777777777776,0.6296296296296297,7.253333333333334,0.05088975694444445,2.465625
160,"frozenset({'REGENCY SUGAR BOWL GREEN', 'PINK REGENCY TEACUP AND SAUCER'})",frozenset({'ROSES REGENCY TEACUP AND SAUCER'}),0.059027777777777776,0.16666666666666666,0.059027777777777776,1.0,6.0,0.04918981481481481,inf
161,frozenset({'ROSES REGENCY TEACUP AND SAUCER'}),"frozenset({'REGENCY SUGAR BOWL GREEN', 'PINK REGENCY TEACUP AND SAUCER'})",0.16666666666666666,0.059027777777777776,0.059027777777777776,0.3541666666666667,6.000000000000001,0.04918981481481481,1.456989247311828
162,frozenset({'REGENCY SUGAR BOWL GREEN'}),"frozenset({'ROSES REGENCY TEACUP AND SAUCER', 'PINK REGENCY TEACUP AND SAUCER'})",0.08680555555555555,0.09375,0.059027777777777776,0.68,7.253333333333334,0.05088975694444445,2.8320312500000004
163,frozenset({'PINK REGENCY TEACUP AND SAUCER'}),"frozenset({'REGENCY SUGAR BOWL GREEN', 'ROSES REGENCY TEACUP AND SAUCER'})",0.09722222222222222,0.07291666666666667,0.059027777777777776,0.6071428571428571,8.326530612244897,0.051938657407407406,2.359848484848485
164,"frozenset({'ROSES REGENCY TEACUP AND SAUCER', 'REGENCY TEA PLATE PINK'})",frozenset({'PINK REGENCY TEACUP AND SAUCER'}),0.05555555555555555,0.09722222222222222,0.052083333333333336,0.9375000000000001,9.642857142857144,0.0466820987654321,14.44444444444447
165,"frozenset({'REGENCY TEA PLATE PINK', 'PINK REGENCY TEACUP AND SAUCER'})",frozenset({'ROSES REGENCY TEACUP AND SAUCER'}),0.052083333333333336,0.16666666666666666,0.052083333333333336,1.0,6.0,0.043402777777777776,inf
166,"frozenset({'ROSES REGENCY TEACUP AND SAUCER', 'PINK REGENCY TEACUP AND SAUCER'})",frozenset({'REGENCY TEA PLATE PINK'}),0.09375,0.06944444444444445,0.052083333333333336,0.5555555555555556,8.0,0.04557291666666667,2.09375
167,frozenset({'REGENCY TEA PLATE PINK'}),"frozenset({'ROSES REGENCY TEACUP AND SAUCER', 'PINK REGENCY TEACUP AND SAUCER'})",0.06944444444444445,0.09375,0.052083333333333336,0.75,8.0,0.04557291666666667,3.625
168,frozenset({'ROSES REGENCY TEACUP AND SAUCER'}),"frozenset({'REGENCY TEA PLATE PINK', 'PINK REGENCY TEACUP AND SAUCER'})",0.16666666666666666,0.052083333333333336,0.052083333333333336,0.31250000000000006,6.000000000000001,0.043402777777777776,1.3787878787878787
169,frozenset({'PINK REGENCY TEACUP AND SAUCER'}),"frozenset({'ROSES REGENCY TEACUP AND SAUCER', 'REGENCY TEA PLATE PINK'})",0.09722222222222222,0.05555555555555555,0.052083333333333336,0.5357142857142857,9.642857142857142,0.0466820987654321,2.034188034188034
170,"frozenset({'REGENCY MILK JUG PINK', 'REGENCY CAKESTAND 3 TIER'})",frozenset({'REGENCY SUGAR BOWL GREEN'}),0.0625,0.08680555555555555,0.05555555555555555,0.8888888888888888,10.24,0.05013020833333333,8.218749999999996
171,"frozenset({'REGENCY MILK JUG PINK', 'REGENCY SUGAR BOWL GREEN'})",frozenset({'REGENCY CAKESTAND 3 TIER'}),0.06944444444444445,0.2465277777777778,0.05555555555555555,0.7999999999999999,3.245070422535211,0.038435570987654315,3.76736111111111
172,"frozenset({'REGENCY CAKESTAND 3 TIER', 'REGENCY SUGAR BOWL GREEN'})",frozenset({'REGENCY MILK JUG PINK'}),0.07291666666666667,0.08680555555555555,0.05555555555555555,0.7619047619047619,8.777142857142858,0.049225983796296294,3.835416666666666
173,frozenset({'REGENCY MILK JUG PINK'}),"frozenset({'REGENCY CAKESTAND 3 TIER', 'REGENCY SUGAR BOWL GREEN'})",0.08680555555555555,0.07291666666666667,0.05555555555555555,0.64,8.777142857142858,0.049225983796296294,2.575231481481482
174,frozenset({'REGENCY CAKESTAND 3 TIER'}),"frozenset({'REGENCY MILK JUG PINK', 'REGENCY SUGAR BOWL GREEN'})",0.2465277777777778,0.06944444444444445,0.05555555555555555,0.22535211267605632,3.245070422535211,0.038435570987654315,1.2012626262626263
175,frozenset({'REGENCY SUGAR BOWL GREEN'}),"frozenset({'REGENCY MILK JUG PINK', 'REGENCY CAKESTAND 3 TIER'})",0.08680555555555555,0.0625,0.05555555555555555,0.64,10.24,0.05013020833333333,2.604166666666667
176,"frozenset({'REGENCY MILK JUG PINK', 'REGENCY CAKESTAND 3 TIER'})",frozenset({'ROSES REGENCY TEACUP AND SAUCER'}),0.0625,0.16666666666666666,0.052083333333333336,0.8333333333333334,5.000000000000001,0.04166666666666667,5.000000000000002
177,"frozenset({'REGENCY MILK JUG PINK', 'ROSES REGENCY TEACUP AND SAUCER'})",frozenset({'REGENCY CAKESTAND 3 TIER'}),0.06597222222222222,0.2465277777777778,0.052083333333333336,0.7894736842105263,3.202372127501853,0.03581934799382716,3.578993055555556
178,"frozenset({'REGENCY CAKESTAND 3 TIER', 'ROSES REGENCY TEACUP AND SAUCER'})",frozenset({'REGENCY MILK JUG PINK'}),0.1111111111111111,0.08680555555555555,0.052083333333333336,0.46875000000000006,5.400000000000001,0.04243827160493827,1.718954248366013
179,frozenset({'REGENCY MILK JUG PINK'}),"frozenset({'REGENCY CAKESTAND 3 TIER', 'ROSES REGENCY TEACUP AND SAUCER'})",0.08680555555555555,0.1111111111111111,0.052083333333333336,0.6000000000000001,5.400000000000001,0.04243827160493827,2.2222222222222228
180,frozenset({'REGENCY CAKESTAND 3 TIER'}),"frozenset({'REGENCY MILK JUG PINK', 'ROSES REGENCY TEACUP AND SAUCER'})",0.2465277777777778,0.06597222222222222,0.052083333333333336,0.2112676056338028,3.202372127501853,0.03581934799382716,1.1842137896825395
181,frozenset({'ROSES REGENCY TEACUP AND SAUCER'}),"frozenset({'REGENCY MILK JUG PINK', 'REGENCY CAKESTAND 3 TIER'})",0.16666666666666666,0.0625,0.052083333333333336,0.31250000000000006,5.000000000000001,0.04166666666666667,1.3636363636363635
182,"frozenset({'REGENCY CAKESTAND 3 TIER', 'REGENCY TEAPOT ROSES'})",frozenset({'REGENCY SUGAR BOWL GREEN'}),0.052083333333333336,0.08680555555555555,0.052083333333333336,1.0,11.52,0.047562210648148154,inf
183,"frozenset({'REGENCY CAKESTAND 3 TIER', 'REGENCY SUGAR BOWL GREEN'})",frozenset({'REGENCY TEAPOT ROSES'}),0.07291666666666667,0.06597222222222222,0.052083333333333336,0.7142857142857143,10.827067669172932,0.0472728587962963,3.2690972222222223
184,"frozenset({'REGENCY TEAPOT ROSES', 'REGENCY SUGAR BOWL GREEN'})",frozenset({'REGENCY CAKESTAND 3 TIER'}),0.0625,0.2465277777777778,0.052083333333333336,0.8333333333333334,3.380281690140845,0.036675347222222224,4.520833333333334
185,frozenset({'REGENCY CAKESTAND 3 TIER'}),"frozenset({'REGENCY TEAPOT ROSES', 'REGENCY SUGAR BOWL GREEN'})",0.2465277777777778,0.0625,0.052083333333333336,0.2112676056338028,3.380281690140845,0.036675347222222224,1.1886160714285714
186,frozenset({'REGENCY TEAPOT ROSES'}),"frozenset({'REGENCY CAKESTAND 3 TIER', 'REGENCY SUGAR BOWL GREEN'})",0.06597222222222222,0.07291666666666667,0.052083333333333336,0.7894736842105263,10.827067669172932,0.0472728587962963,4.403645833333334
187,frozenset({'REGENCY SUGAR BOWL GREEN'}),"frozenset({'REGENCY CAKESTAND 3 TIER', 'REGENCY TEAPOT ROSES'})",0.08680555555555555,0.052083333333333336,0.052083333333333336,0.6000000000000001,11.520000000000001,0.047562210648148154,2.369791666666667
188,"frozenset({'REGENCY CAKESTAND 3 TIER', 'ROSES REGENCY TEACUP AND SAUCER'})",frozenset({'REGENCY SUGAR BOWL GREEN'}),0.1111111111111111,0.08680555555555555,0.0625,0.5625,6.48,0.05285493827160494,2.0873015873015874
189,"frozenset({'REGENCY CAKESTAND 3 TIER', 'REGENCY SUGAR BOWL GREEN'})",frozenset({'ROSES REGENCY TEACUP AND SAUCER'}),0.07291666666666667,0.16666666666666666,0.0625,0.8571428571428571,5.142857142857143,0.050347222222222224,5.833333333333331
190,"frozenset({'REGENCY SUGAR BOWL GREEN', 'ROSES REGENCY TEACUP AND SAUCER'})",frozenset({'REGENCY CAKESTAND 3 TIER'}),0.07291666666666667,0.2465277777777778,0.0625,0.8571428571428571,3.4768611670020118,0.044524016203703706,5.274305555555554
191,frozenset({'REGENCY CAKESTAND 3 TIER'}),"frozenset({'REGENCY SUGAR BOWL GREEN', 'ROSES REGENCY TEACUP AND SAUCER'})",0.2465277777777778,0.07291666666666667,0.0625,0.2535211267605634,3.4768611670020118,0.044524016203703706,1.2419418238993711
192,frozenset({'ROSES REGENCY TEACUP AND SAUCER'}),"frozenset({'REGENCY CAKESTAND 3 TIER', 'REGENCY SUGAR BOWL GREEN'})",0.16666666666666666,0.07291666666666667,0.0625,0.375,5.142857142857142,0.050347222222222224,1.4833333333333334
193,frozenset({'REGENCY SUGAR BOWL GREEN'}),"frozenset({'REGENCY CAKESTAND 3 TIER', 'ROSES REGENCY TEACUP AND SAUCER'})",0.08680555555555555,0.1111111111111111,0.0625,0.72,6.48,0.05285493827160494,3.174603174603174
194,"frozenset({'REGENCY CAKESTAND 3 TIER', 'REGENCY TEA PLATE GREEN'})",frozenset({'REGENCY TEA PLATE PINK'}),0.06944444444444445,0.06944444444444445,0.05555555555555555,0.7999999999999999,11.519999999999998,0.05073302469135802,4.652777777777777
195,"frozenset({'REGENCY CAKESTAND 3 TIER', 'REGENCY TEA PLATE PINK'})",frozenset({'REGENCY TEA PLATE GREEN'}),0.05555555555555555,0.0798611111111111,0.05555555555555555,1.0,12.521739130434783,0.051118827160493825,inf
196,"frozenset({'REGENCY TEA PLATE GREEN', 'REGENCY TEA PLATE PINK'})",frozenset({'REGENCY CAKESTAND 3 TIER'}),0.0625,0.2465277777777778,0.05555555555555555,0.8888888888888888,3.605633802816901,0.04014756944444444,6.7812499999999964
197,frozenset({'REGENCY CAKESTAND 3 TIER'}),"frozenset({'REGENCY TEA PLATE GREEN', 'REGENCY TEA PLATE PINK'})",0.2465277777777778,0.0625,0.05555555555555555,0.22535211267605632,3.605633802816901,0.04014756944444444,1.2102272727272727
198,frozenset({'REGENCY TEA PLATE GREEN'}),"frozenset({'REGENCY CAKESTAND 3 TIER', 'REGENCY TEA PLATE PINK'})",0.0798611111111111,0.05555555555555555,0.05555555555555555,0.6956521739130435,12.521739130434783,0.051118827160493825,3.103174603174603
199,frozenset({'REGENCY TEA PLATE PINK'}),"frozenset({'REGENCY CAKESTAND 3 TIER', 'REGENCY TEA PLATE GREEN'})",0.06944444444444445,0.06944444444444445,0.05555555555555555,0.7999999999999999,11.519999999999998,0.05073302469135802,4.652777777777777
200,"frozenset({'REGENCY CAKESTAND 3 TIER', 'REGENCY TEA PLATE ROSES'})",frozenset({'REGENCY TEA PLATE GREEN'}),0.06944444444444445,0.0798611111111111,0.059027777777777776,0.85,10.643478260869566,0.053481867283950615,6.134259259259258
201,"frozenset({'REGENCY CAKESTAND 3 TIER', 'REGENCY TEA PLATE GREEN'})",frozenset({'REGENCY TEA PLATE ROSES'}),0.06944444444444445,0.09027777777777778,0.059027777777777776,0.85,9.415384615384616,0.052758487654320986,6.064814814814814
202,"frozenset({'REGENCY TEA PLATE ROSES', 'REGENCY TEA PLATE GREEN'})",frozenset({'REGENCY CAKESTAND 3 TIER'}),0.06944444444444445,0.2465277777777778,0.059027777777777776,0.85,3.447887323943662,0.04190779320987654,5.023148148148147
203,frozenset({'REGENCY CAKESTAND 3 TIER'}),"frozenset({'REGENCY TEA PLATE ROSES', 'REGENCY TEA PLATE GREEN'})",0.2465277777777778,0.06944444444444445,0.059027777777777776,0.23943661971830985,3.447887323943662,0.04190779320987654,1.223508230452675
204,frozenset({'REGENCY TEA PLATE ROSES'}),"frozenset({'REGENCY CAKESTAND 3 TIER', 'REGENCY TEA PLATE GREEN'})",0.09027777777777778,0.06944444444444445,0.059027777777777776,0.6538461538461539,9.415384615384616,0.052758487654320986,2.6882716049382718
205,frozenset({'REGENCY TEA PLATE GREEN'}),"frozenset({'REGENCY CAKESTAND 3 TIER', 'REGENCY TEA PLATE ROSES'})",0.0798611111111111,0.06944444444444445,0.059027777777777776,0.7391304347826088,10.643478260869566,0.053481867283950615,3.5671296296296306
206,"frozenset({'REGENCY CAKESTAND 3 TIER', 'REGENCY TEA PLATE GREEN'})",frozenset({'ROSES REGENCY TEACUP AND SAUCER'}),0.06944444444444445,0.16666666666666666,0.059027777777777776,0.85,5.1000000000000005,0.047453703703703706,5.555555555555555
207,"frozenset({'REGENCY CAKESTAND 3 TIER', 'ROSES REGENCY TEACUP AND SAUCER'})",frozenset({'REGENCY TEA PLATE GREEN'}),0.1111111111111111,0.0798611111111111,0.059027777777777776,0.53125,6.6521739130434785,0.05015432098765432,1.9629629629629628
208,"frozenset({'REGENCY TEA PLATE GREEN', 'ROSES REGENCY TEACUP AND SAUCER'})",frozenset({'REGENCY CAKESTAND 3 TIER'}),0.059027777777777776,0.2465277777777778,0.059027777777777776,1.0,4.056338028169014,0.04447579089506173,inf
209,frozenset({'REGENCY CAKESTAND 3 TIER'}),"frozenset({'REGENCY TEA PLATE GREEN', 'ROSES REGENCY TEACUP AND SAUCER'})",0.2465277777777778,0.059027777777777776,0.059027777777777776,0.23943661971830985,4.056338028169014,0.04447579089506173,1.237204218106996
210,frozenset({'REGENCY TEA PLATE GREEN'}),"frozenset({'REGENCY CAKESTAND 3 TIER', 'ROSES REGENCY TEACUP AND SAUCER'})",0.0798611111111111,0.1111111111111111,0.059027777777777776,0.7391304347826088,6.652173913043479,0.05015432098765432,3.407407407407408
211,frozenset({'ROSES REGENCY TEACUP AND SAUCER'}),"frozenset({'REGENCY CAKESTAND 3 TIER', 'REGENCY TEA PLATE GREEN'})",0.16666666666666666,0.06944444444444445,0.059027777777777776,0.3541666666666667,5.1,0.047453703703703706,1.4408602150537637
212,"frozenset({'REGENCY CAKESTAND 3 TIER', 'REGENCY TEA PLATE ROSES'})",frozenset({'ROSES REGENCY TEACUP AND SAUCER'}),0.06944444444444445,0.16666666666666666,0.059027777777777776,0.85,5.1000000000000005,0.047453703703703706,5.555555555555555
213,"frozenset({'REGENCY CAKESTAND 3 TIER', 'ROSES REGENCY TEACUP AND SAUCER'})",frozenset({'REGENCY TEA PLATE ROSES'}),0.1111111111111111,0.09027777777777778,0.059027777777777776,0.53125,5.884615384615385,0.04899691358024691,1.9407407407407407
214,"frozenset({'REGENCY TEA PLATE ROSES', 'ROSES REGENCY TEACUP AND SAUCER'})",frozenset({'REGENCY CAKESTAND 3 TIER'}),0.06597222222222222,0.2465277777777778,0.059027777777777776,0.8947368421052632,3.6293550778354335,0.0427637924382716,7.157986111111112
215,frozenset({'REGENCY CAKESTAND 3 TIER'}),"frozenset({'REGENCY TEA PLATE ROSES', 'ROSES REGENCY TEACUP AND SAUCER'})",0.2465277777777778,0.06597222222222222,0.059027777777777776,0.23943661971830985,3.6293550778354335,0.0427637924382716,1.228073559670782
216,frozenset({'REGENCY TEA PLATE ROSES'}),"frozenset({'REGENCY CAKESTAND 3 TIER', 'ROSES REGENCY TEACUP AND SAUCER'})",0.09027777777777778,0.1111111111111111,0.059027777777777776,0.6538461538461539,5.884615384615385,0.04899691358024691,2.567901234567901
217,frozenset({'ROSES REGENCY TEACUP AND SAUCER'}),"frozenset({'REGENCY CAKESTAND 3 TIER', 'REGENCY TEA PLATE ROSES'})",0.16666666666666666,0.06944444444444445,0.059027777777777776,0.3541666666666667,5.1,0.047453703703703706,1.4408602150537637
218,"frozenset({'REGENCY MILK JUG PINK', 'ROSES REGENCY TEACUP AND SAUCER'})",frozenset({'REGENCY SUGAR BOWL GREEN'}),0.06597222222222222,0.08680555555555555,0.059027777777777776,0.8947368421052632,10.307368421052631,0.05330102237654321,8.675347222222223
219,"frozenset({'REGENCY MILK JUG PINK', 'REGENCY SUGAR BOWL GREEN'})",frozenset({'ROSES REGENCY TEACUP AND SAUCER'}),0.06944444444444445,0.16666666666666666,0.059027777777777776,0.85,5.1000000000000005,0.047453703703703706,5.555555555555555
220,"frozenset({'REGENCY SUGAR BOWL GREEN', 'ROSES REGENCY TEACUP AND SAUCER'})",frozenset({'REGENCY MILK JUG PINK'}),0.07291666666666667,0.08680555555555555,0.059027777777777776,0.8095238095238094,9.325714285714286,0.05269820601851852,4.79427083333333
221,frozenset({'REGENCY MILK JUG PINK'}),"frozenset({'REGENCY SUGAR BOWL GREEN', 'ROSES REGENCY TEACUP AND SAUCER'})",0.08680555555555555,0.07291666666666667,0.059027777777777776,0.68,9.325714285714286,0.05269820601851852,2.8971354166666674
222,frozenset({'ROSES REGENCY TEACUP AND SAUCER'}),"frozenset({'REGENCY MILK JUG PINK', 'REGENCY SUGAR BOWL GREEN'})",0.16666666666666666,0.06944444444444445,0.059027777777777776,0.3541666666666667,5.1,0.047453703703703706,1.4408602150537637
223,frozenset({'REGENCY SUGAR BOWL GREEN'}),"frozenset({'REGENCY MILK JUG PINK', 'ROSES REGENCY TEACUP AND SAUCER'})",0.08680555555555555,0.06597222222222222,0.059027777777777776,0.68,10.307368421052631,0.05330102237654321,2.9188368055555562
224,"frozenset({'REGENCY TEAPOT ROSES', 'ROSES REGENCY TEACUP AND SAUCER'})",frozenset({'REGENCY SUGAR BOWL GREEN'}),0.059027777777777776,0.08680555555555555,0.05555555555555555,0.9411764705882353,10.84235294117647,0.05043161651234568,15.524305555555552
225,"frozenset({'REGENCY TEAPOT ROSES', 'REGENCY SUGAR BOWL GREEN'})",frozenset({'ROSES REGENCY TEACUP AND SAUCER'}),0.0625,0.16666666666666666,0.05555555555555555,0.8888888888888888,5.333333333333333,0.04513888888888889,7.499999999999997
226,"frozenset({'REGENCY SUGAR BOWL GREEN', 'ROSES REGENCY TEACUP AND SAUCER'})",frozenset({'REGENCY TEAPOT ROSES'}),0.07291666666666667,0.06597222222222222,0.05555555555555555,0.7619047619047619,11.548872180451127,0.05074508101851852,3.922916666666666
227,frozenset({'REGENCY TEAPOT ROSES'}),"frozenset({'REGENCY SUGAR BOWL GREEN', 'ROSES REGENCY TEACUP AND SAUCER'})",0.06597222222222222,0.07291666666666667,0.05555555555555555,0.8421052631578947,11.548872180451127,0.05074508101851852,5.871527777777776
228,frozenset({'ROSES REGENCY TEACUP AND SAUCER'}),"frozenset({'REGENCY TEAPOT ROSES', 'REGENCY SUGAR BOWL GREEN'})",0.16666666666666666,0.0625,0.05555555555555555,0.3333333333333333,5.333333333333333,0.04513888888888889,1.4062499999999998
229,frozenset({'REGENCY SUGAR BOWL GREEN'}),"frozenset({'REGENCY TEAPOT ROSES', 'ROSES REGENCY TEACUP AND SAUCER'})",0.08680555555555555,0.059027777777777776,0.05555555555555555,0.64,10.842352941176472,0.05043161651234568,2.6138117283950617
230,"frozenset({'REGENCY TEA PLATE ROSES', 'REGENCY TEA PLATE GREEN'})",frozenset({'REGENCY TEA PLATE PINK'}),0.06944444444444445,0.06944444444444445,0.05555555555555555,0.7999999999999999,11.519999999999998,0.05073302469135802,4.652777777777777
231,"frozenset({'REGENCY TEA PLATE ROSES', 'REGENCY TEA PLATE PINK'})",frozenset({'REGENCY TEA PLATE GREEN'}),0.059027777777777776,0.0798611111111111,0.05555555555555555,0.9411764705882353,11.785166240409207,0.05084153163580247,15.642361111111107
232,"frozenset({'REGENCY TEA PLATE GREEN', 'REGENCY TEA PLATE PINK'})",frozenset({'REGENCY TEA PLATE ROSES'}),0.0625,0.09027777777777778,0.05555555555555555,0.8888888888888888,9.846153846153845,0.04991319444444444,8.187499999999996
233,frozenset({'REGENCY TEA PLATE ROSES'}),"frozenset({'REGENCY TEA PLATE GREEN', 'REGENCY TEA PLATE PINK'})",0.09027777777777778,0.0625,0.05555555555555555,0.6153846153846153,9.846153846153845,0.04991319444444444,2.4374999999999996
234,frozenset({'REGENCY TEA PLATE GREEN'}),"frozenset({'REGENCY TEA PLATE ROSES', 'REGENCY TEA PLATE PINK'})",0.0798611111111111,0.059027777777777776,0.05555555555555555,0.6956521739130435,11.785166240409207,0.05084153163580247,3.0917658730158726
235,frozenset({'REGENCY TEA PLATE PINK'}),"frozenset({'REGENCY TEA PLATE ROSES', 'REGENCY TEA PLATE GREEN'})",0.06944444444444445,0.06944444444444445,0.05555555555555555,0.7999999999999999,11.519999999999998,0.05073302469135802,4.652777777777777
236,"frozenset({'REGENCY TEA PLATE ROSES', 'REGENCY TEA PLATE GREEN'})",frozenset({'ROSES REGENCY TEACUP AND SAUCER'}),0.06944444444444445,0.16666666666666666,0.052083333333333336,0.75,4.5,0.04050925925925926,3.3333333333333335
237,"frozenset({'REGENCY TEA PLATE ROSES', 'ROSES REGENCY TEACUP AND SAUCER'})",frozenset({'REGENCY TEA PLATE GREEN'}),0.06597222222222222,0.0798611111111111,0.052083333333333336,0.7894736842105263,9.88558352402746,0.04681471836419753,4.370659722222222
238,"frozenset({'REGENCY TEA PLATE GREEN', 'ROSES REGENCY TEACUP AND SAUCER'})",frozenset({'REGENCY TEA PLATE ROSES'}),0.059027777777777776,0.09027777777777778,0.052083333333333336,0.8823529411764707,9.773755656108598,0.04675443672839506,7.732638888888895
239,frozenset({'REGENCY TEA PLATE ROSES'}),"frozenset({'REGENCY TEA PLATE GREEN', 'ROSES REGENCY TEACUP AND SAUCER'})",0.09027777777777778,0.059027777777777776,0.052083333333333336,0.576923076923077,9.773755656108598,0.04675443672839506,2.2241161616161618
240,frozenset({'REGENCY TEA PLATE GREEN'}),"frozenset({'REGENCY TEA PLATE ROSES', 'ROSES REGENCY TEACUP AND SAUCER'})",0.0798611111111111,0.06597222222222222,0.052083333333333336,0.6521739130434784,9.885583524027462,0.04681471836419753,2.685329861111112
241,frozenset({'ROSES REGENCY TEACUP AND SAUCER'}),"frozenset({'REGENCY TEA PLATE ROSES', 'REGENCY TEA PLATE GREEN'})",0.16666666666666666,0.06944444444444445,0.052083333333333336,0.31250000000000006,4.500000000000001,0.04050925925925926,1.3535353535353536
242,"frozenset({'REGENCY CAKESTAND 3 TIER', 'ROSES REGENCY TEACUP AND SAUCER', 'GREEN REGENCY TEACUP AND SAUCER'})",frozenset({'PINK REGENCY TEACUP AND SAUCER'}),0.08680555555555555,0.09722222222222222,0.06597222222222222,0.76,7.817142857142857,0.057532793209876545,3.7615740740740744
243,"frozenset({'REGENCY CAKESTAND 3 TIER', 'GREEN REGENCY TEACUP AND SAUCER', 'PINK REGENCY TEACUP AND SAUCER'})",frozenset({'ROSES REGENCY TEACUP AND SAUCER'}),0.06597222222222222,0.16666666666666666,0.06597222222222222,1.0,6.0,0.05497685185185185,inf
244,"frozenset({'REGENCY CAKESTAND 3 TIER', 'ROSES REGENCY TEACUP AND SAUCER', 'PINK REGENCY TEACUP AND SAUCER'})",frozenset({'GREEN REGENCY TEACUP AND SAUCER'}),0.06944444444444445,0.125,0.06597222222222222,0.95,7.6,0.05729166666666667,17.499999999999986
245,"frozenset({'ROSES REGENCY TEACUP AND SAUCER', 'GREEN REGENCY TEACUP AND SAUCER', 'PINK REGENCY TEACUP AND SAUCER'})",frozenset({'REGENCY CAKESTAND 3 TIER'}),0.08680555555555555,0.2465277777777778,0.06597222222222222,0.76,3.0828169014084508,0.04457224151234568,3.1394675925925926
246,"frozenset({'REGENCY CAKESTAND 3 TIER', 'GREEN REGENCY TEACUP AND SAUCER'})","frozenset({'ROSES REGENCY TEACUP AND SAUCER', 'PINK REGENCY TEACUP AND SAUCER'})",0.08680555555555555,0.09375,0.06597222222222222,0.76,8.106666666666667,0.057834201388888895,3.776041666666667
247,"frozenset({'REGENCY CAKESTAND 3 TIER', 'ROSES REGENCY TEACUP AND SAUCER'})","frozenset({'GREEN REGENCY TEACUP AND SAUCER', 'PINK REGENCY TEACUP AND SAUCER'})",0.1111111111111111,0.09027777777777778,0.06597222222222222,0.59375,6.576923076923077,0.05594135802469136,2.2393162393162394
248,"frozenset({'REGENCY CAKESTAND 3 TIER', 'PINK REGENCY TEACUP AND SAUCER'})","frozenset({'ROSES REGENCY TEACUP AND SAUCER', 'GREEN REGENCY TEACUP AND SAUCER'})",0.06944444444444445,0.11458333333333333,0.06597222222222222,0.95,8.290909090909091,0.058015046296296294,17.708333333333318
249,"frozenset({'ROSES REGENCY TEACUP AND SAUCER', 'GREEN REGENCY TEACUP AND SAUCER'})","frozenset({'REGENCY CAKESTAND 3 TIER', 'PINK REGENCY TEACUP AND SAUCER'})",0.11458333333333333,0.06944444444444445,0.06597222222222222,0.5757575757575758,8.290909090909091,0.058015046296296294,2.1934523809523814
250,"frozenset({'GREEN REGENCY TEACUP AND SAUCER', 'PINK REGENCY TEACUP AND SAUCER'})","frozenset({'REGENCY CAKESTAND 3 TIER', 'ROSES REGENCY TEACUP AND SAUCER'})",0.09027777777777778,0.1111111111111111,0.06597222222222222,0.7307692307692308,6.5769230769230775,0.05594135802469136,3.3015873015873023
251,"frozenset({'ROSES REGENCY TEACUP AND SAUCER', 'PINK REGENCY TEACUP AND SAUCER'})","frozenset({'REGENCY CAKESTAND 3 TIER', 'GREEN REGENCY TEACUP AND SAUCER'})",0.09375,0.08680555555555555,0.06597222222222222,0.7037037037037037,8.106666666666667,0.057834201388888895,3.08203125
252,frozenset({'REGENCY CAKESTAND 3 TIER'}),"frozenset({'ROSES REGENCY TEACUP AND SAUCER', 'GREEN REGENCY TEACUP AND SAUCER', 'PINK REGENCY TEACUP AND SAUCER'})",0.2465277777777778,0.08680555555555555,0.06597222222222222,0.2676056338028169,3.0828169014084503,0.04457224151234568,1.2468616452991452
253,frozenset({'GREEN REGENCY TEACUP AND SAUCER'}),"frozenset({'REGENCY CAKESTAND 3 TIER', 'ROSES REGENCY TEACUP AND SAUCER', 'PINK REGENCY TEACUP AND SAUCER'})",0.125,0.06944444444444445,0.06597222222222222,0.5277777777777778,7.6,0.05729166666666667,1.9705882352941178
254,frozenset({'ROSES REGENCY TEACUP AND SAUCER'}),"frozenset({'REGENCY CAKESTAND 3 TIER', 'GREEN REGENCY TEACUP AND SAUCER', 'PINK REGENCY TEACUP AND SAUCER'})",0.16666666666666666,0.06597222222222222,0.06597222222222222,0.39583333333333337,6.0,0.05497685185185185,1.545977011494253
255,frozenset({'PINK REGENCY TEACUP AND SAUCER'}),"frozenset({'REGENCY CAKESTAND 3 TIER', 'ROSES REGENCY TEACUP AND SAUCER', 'GREEN REGENCY TEACUP AND SAUCER'})",0.09722222222222222,0.08680555555555555,0.06597222222222222,0.6785714285714286,7.817142857142858,0.057532793209876545,2.8410493827160495
256,"frozenset({'REGENCY SUGAR BOWL GREEN', 'GREEN REGENCY TEACUP AND SAUCER', 'ROSES REGENCY TEACUP AND SAUCER'})",frozenset({'PINK REGENCY TEACUP AND SAUCER'}),0.0625,0.09722222222222222,0.052083333333333336,0.8333333333333334,8.571428571428571,0.04600694444444445,5.416666666666668
257,"frozenset({'GREEN REGENCY TEACUP AND SAUCER', 'ROSES REGENCY TEACUP AND SAUCER', 'PINK REGENCY TEACUP AND SAUCER'})",frozenset({'REGENCY SUGAR BOWL GREEN'}),0.08680555555555555,0.08680555555555555,0.052083333333333336,0.6000000000000001,6.912000000000002,0.04454812885802469,2.2829861111111116
258,"frozenset({'REGENCY SUGAR BOWL GREEN', 'ROSES REGENCY TEACUP AND SAUCER', 'PINK REGENCY TEACUP AND SAUCER'})",frozenset({'GREEN REGENCY TEACUP AND SAUCER'}),0.059027777777777776,0.125,0.052083333333333336,0.8823529411764707,7.058823529411765,0.04470486111111111,7.437500000000005
259,"frozenset({'REGENCY SUGAR BOWL GREEN', 'GREEN REGENCY TEACUP AND SAUCER', 'PINK REGENCY TEACUP AND SAUCER'})",frozenset({'ROSES REGENCY TEACUP AND SAUCER'}),0.052083333333333336,0.16666666666666666,0.052083333333333336,1.0,6.0,0.043402777777777776,inf
260,"frozenset({'GREEN REGENCY TEACUP AND SAUCER', 'ROSES REGENCY TEACUP AND SAUCER'})","frozenset({'REGENCY SUGAR BOWL GREEN', 'PINK REGENCY TEACUP AND SAUCER'})",0.11458333333333333,0.059027777777777776,0.052083333333333336,0.4545454545454546,7.700534759358289,0.0453197337962963,1.725115740740741
261,"frozenset({'REGENCY SUGAR BOWL GREEN', 'ROSES REGENCY TEACUP AND SAUCER'})","frozenset({'GREEN REGENCY TEACUP AND SAUCER', 'PINK REGENCY TEACUP AND SAUCER'})",0.07291666666666667,0.09027777777777778,0.052083333333333336,0.7142857142857143,7.912087912087912,0.045500578703703706,3.184027777777778
262,"frozenset({'ROSES REGENCY TEACUP AND SAUCER', 'PINK REGENCY TEACUP AND SAUCER'})","frozenset({'REGENCY SUGAR BOWL GREEN', 'GREEN REGENCY TEACUP AND SAUCER'})",0.09375,0.0625,0.052083333333333336,0.5555555555555556,8.88888888888889,0.046223958333333336,2.109375
263,"frozenset({'REGENCY SUGAR BOWL GREEN', 'GREEN REGENCY TEACUP AND SAUCER'})","frozenset({'ROSES REGENCY TEACUP AND SAUCER', 'PINK REGENCY TEACUP AND SAUCER'})",0.0625,0.09375,0.052083333333333336,0.8333333333333334,8.88888888888889,0.046223958333333336,5.437500000000001
264,"frozenset({'GREEN REGENCY TEACUP AND SAUCER', 'PINK REGENCY TEACUP AND SAUCER'})","frozenset({'REGENCY SUGAR BOWL GREEN', 'ROSES REGENCY TEACUP AND SAUCER'})",0.09027777777777778,0.07291666666666667,0.052083333333333336,0.576923076923077,7.912087912087912,0.045500578703703706,2.1912878787878793
265,"frozenset({'REGENCY SUGAR BOWL GREEN', 'PINK REGENCY TEACUP AND SAUCER'})","frozenset({'GREEN REGENCY TEACUP AND SAUCER', 'ROSES REGENCY TEACUP AND SAUCER'})",0.059027777777777776,0.11458333333333333,0.052083333333333336,0.8823529411764707,7.70053475935829,0.0453197337962963,7.526041666666671
266,frozenset({'ROSES REGENCY TEACUP AND SAUCER'}),"frozenset({'REGENCY SUGAR BOWL GREEN', 'GREEN REGENCY TEACUP AND SAUCER', 'PINK REGENCY TEACUP AND SAUCER'})",0.16666666666666666,0.052083333333333336,0.052083333333333336,0.31250000000000006,6.000000000000001,0.043402777777777776,1.3787878787878787
267,frozenset({'GREEN REGENCY TEACUP AND SAUCER'}),"frozenset({'REGENCY SUGAR BOWL GREEN', 'ROSES REGENCY TEACUP AND SAUCER', 'PINK REGENCY TEACUP AND SAUCER'})",0.125,0.059027777777777776,0.052083333333333336,0.4166666666666667,7.058823529411765,0.04470486111111111,1.6130952380952384
268,frozenset({'REGENCY SUGAR BOWL GREEN'}),"frozenset({'GREEN REGENCY TEACUP AND SAUCER', 'ROSES REGENCY TEACUP AND SAUCER', 'PINK REGENCY TEACUP AND SAUCER'})",0.08680555555555555,0.08680555555555555,0.052083333333333336,0.6000000000000001,6.912000000000002,0.04454812885802469,2.2829861111111116
269,frozenset({'PINK REGENCY TEACUP AND SAUCER'}),"frozenset({'REGENCY SUGAR BOWL GREEN', 'GREEN REGENCY TEACUP AND SAUCER', 'ROSES REGENCY TEACUP AND SAUCER'})",0.09722222222222222,0.0625,0.052083333333333336,0.5357142857142857,8.571428571428571,0.04600694444444445,2.019230769230769
270,"frozenset({'REGENCY CAKESTAND 3 TIER', 'GREEN REGENCY TEACUP AND SAUCER', 'ROSES REGENCY TEACUP AND SAUCER'})",frozenset({'REGENCY SUGAR BOWL GREEN'}),0.08680555555555555,0.08680555555555555,0.05555555555555555,0.64,7.372800000000001,0.04802035108024691,2.536651234567901
271,"frozenset({'REGENCY CAKESTAND 3 TIER', 'REGENCY SUGAR BOWL GREEN', 'ROSES REGENCY TEACUP AND SAUCER'})",frozenset({'GREEN REGENCY TEACUP AND SAUCER'}),0.0625,0.125,0.05555555555555555,0.8888888888888888,7.111111111111111,0.04774305555555555,7.8749999999999964
272,"frozenset({'REGENCY CAKESTAND 3 TIER', 'REGENCY SUGAR BOWL GREEN', 'GREEN REGENCY TEACUP AND SAUCER'})",frozenset({'ROSES REGENCY TEACUP AND SAUCER'}),0.05555555555555555,0.16666666666666666,0.05555555555555555,1.0,6.0,0.046296296296296294,inf
273,"frozenset({'REGENCY SUGAR BOWL GREEN', 'GREEN REGENCY TEACUP AND SAUCER', 'ROSES REGENCY TEACUP AND SAUCER'})",frozenset({'REGENCY CAKESTAND 3 TIER'}),0.0625,0.2465277777777778,0.05555555555555555,0.8888888888888888,3.605633802816901,0.04014756944444444,6.7812499999999964
274,"frozenset({'REGENCY CAKESTAND 3 TIER', 'ROSES REGENCY TEACUP AND SAUCER'})","frozenset({'REGENCY SUGAR BOWL GREEN', 'GREEN REGENCY TEACUP AND SAUCER'})",0.1111111111111111,0.0625,0.05555555555555555,0.5,8.0,0.048611111111111105,1.875
275,"frozenset({'REGENCY CAKESTAND 3 TIER', 'GREEN REGENCY TEACUP AND SAUCER'})","frozenset({'REGENCY SUGAR BOWL GREEN', 'ROSES REGENCY TEACUP AND SAUCER'})",0.08680555555555555,0.07291666666666667,0.05555555555555555,0.64,8.777142857142858,0.049225983796296294,2.575231481481482
276,"frozenset({'REGENCY CAKESTAND 3 TIER', 'REGENCY SUGAR BOWL GREEN'})","frozenset({'GREEN REGENCY TEACUP AND SAUCER', 'ROSES REGENCY TEACUP AND SAUCER'})",0.07291666666666667,0.11458333333333333,0.05555555555555555,0.7619047619047619,6.649350649350649,0.04720052083333333,3.718749999999999
277,"frozenset({'GREEN REGENCY TEACUP AND SAUCER', 'ROSES REGENCY TEACUP AND SAUCER'})","frozenset({'REGENCY CAKESTAND 3 TIER', 'REGENCY SUGAR BOWL GREEN'})",0.11458333333333333,0.07291666666666667,0.05555555555555555,0.48484848484848486,6.649350649350649,0.04720052083333333,1.7996323529411766
278,"frozenset({'REGENCY SUGAR BOWL GREEN', 'ROSES REGENCY TEACUP AND SAUCER'})","frozenset({'REGENCY CAKESTAND 3 TIER', 'GREEN REGENCY TEACUP AND SAUCER'})",0.07291666666666667,0.08680555555555555,0.05555555555555555,0.7619047619047619,8.777142857142858,0.049225983796296294,3.835416666666666
279,"frozenset({'REGENCY SUGAR BOWL GREEN', 'GREEN REGENCY TEACUP AND SAUCER'})","frozenset({'REGENCY CAKESTAND 3 TIER', 'ROSES REGENCY TEACUP AND SAUCER'})",0.0625,0.1111111111111111,0.05555555555555555,0.8888888888888888,8.0,0.048611111111111105,7.9999999999999964
280,frozenset({'REGENCY CAKESTAND 3 TIER'}),"frozenset({'REGENCY SUGAR BOWL GREEN', 'GREEN REGENCY TEACUP AND SAUCER', 'ROSES REGENCY TEACUP AND SAUCER'})",0.2465277777777778,0.0625,0.05555555555555555,0.22535211267605632,3.605633802816901,0.04014756944444444,1.2102272727272727
281,frozenset({'ROSES REGENCY TEACUP AND SAUCER'}),"frozenset({'REGENCY CAKESTAND 3 TIER', 'REGENCY SUGAR BOWL GREEN', 'GREEN REGENCY TEACUP AND SAUCER'})",0.16666666666666666,0.05555555555555555,0.05555555555555555,0.3333333333333333,6.0,0.046296296296296294,1.4166666666666665
282,frozenset({'GREEN REGENCY TEACUP AND SAUCER'}),"frozenset({'REGENCY CAKESTAND 3 TIER', 'REGENCY SUGAR BOWL GREEN', 'ROSES REGENCY TEACUP AND SAUCER'})",0.125,0.0625,0.05555555555555555,0.4444444444444444,7.111111111111111,0.04774305555555555,1.6875
283,frozenset({'REGENCY SUGAR BOWL GREEN'}),"frozenset({'REGENCY CAKESTAND 3 TIER', 'GREEN REGENCY TEACUP AND SAUCER', 'ROSES REGENCY TEACUP AND SAUCER'})",0.08680555555555555,0.08680555555555555,0.05555555555555555,0.64,7.372800000000001,0.04802035108024691,2.536651234567901
284,"frozenset({'REGENCY CAKESTAND 3 TIER', 'REGENCY TEA PLATE GREEN', 'GREEN REGENCY TEACUP AND SAUCER'})",frozenset({'ROSES REGENCY TEACUP AND SAUCER'}),0.052083333333333336,0.16666666666666666,0.052083333333333336,1.0,6.0,0.043402777777777776,inf
285,"frozenset({'REGENCY CAKESTAND 3 TIER', 'REGENCY TEA PLATE GREEN', 'ROSES REGENCY TEACUP AND SAUCER'})",frozenset({'GREEN REGENCY TEACUP AND SAUCER'}),0.059027777777777776,0.125,0.052083333333333336,0.8823529411764707,7.058823529411765,0.04470486111111111,7.437500000000005
286,"frozenset({'REGENCY CAKESTAND 3 TIER', 'ROSES REGENCY TEACUP AND SAUCER', 'GREEN REGENCY TEACUP AND SAUCER'})",frozenset({'REGENCY TEA PLATE GREEN'}),0.08680555555555555,0.0798611111111111,0.052083333333333336,0.6000000000000001,7.5130434782608715,0.045150945216049385,2.3003472222222228
287,"frozenset({'ROSES REGENCY TEACUP AND SAUCER', 'REGENCY TEA PLATE GREEN', 'GREEN REGENCY TEACUP AND SAUCER'})",frozenset({'REGENCY CAKESTAND 3 TIER'}),0.052083333333333336,0.2465277777777778,0.052083333333333336,1.0,4.056338028169014,0.03924334490740741,inf
288,"frozenset({'REGENCY CAKESTAND 3 TIER', 'REGENCY TEA PLATE GREEN'})","frozenset({'ROSES REGENCY TEACUP AND SAUCER', 'GREEN REGENCY TEACUP AND SAUCER'})",0.06944444444444445,0.11458333333333333,0.052083333333333336,0.75,6.545454545454546,0.04412615740740741,3.5416666666666665
289,"frozenset({'REGENCY CAKESTAND 3 TIER', 'GREEN REGENCY TEACUP AND SAUCER'})","frozenset({'REGENCY TEA PLATE GREEN', 'ROSES REGENCY TEACUP AND SAUCER'})",0.08680555555555555,0.059027777777777776,0.052083333333333336,0.6000000000000001,10.164705882352942,0.04695939429012346,2.3524305555555562
290,"frozenset({'REGENCY CAKESTAND 3 TIER', 'ROSES REGENCY TEACUP AND SAUCER'})","frozenset({'REGENCY TEA PLATE GREEN', 'GREEN REGENCY TEACUP AND SAUCER'})",0.1111111111111111,0.05555555555555555,0.052083333333333336,0.46875000000000006,8.437500000000002,0.045910493827160496,1.7777777777777777
291,"frozenset({'REGENCY TEA PLATE GREEN', 'GREEN REGENCY TEACUP AND SAUCER'})","frozenset({'REGENCY CAKESTAND 3 TIER', 'ROSES REGENCY TEACUP AND SAUCER'})",0.05555555555555555,0.1111111111111111,0.052083333333333336,0.9375000000000001,8.437500000000002,0.045910493827160496,14.222222222222246
292,"frozenset({'REGENCY TEA PLATE GREEN', 'ROSES REGENCY TEACUP AND SAUCER'})","frozenset({'REGENCY CAKESTAND 3 TIER', 'GREEN REGENCY TEACUP AND SAUCER'})",0.059027777777777776,0.08680555555555555,0.052083333333333336,0.8823529411764707,10.164705882352942,0.04695939429012346,7.762152777777783
293,"frozenset({'ROSES REGENCY TEACUP AND SAUCER', 'GREEN REGENCY TEACUP AND SAUCER'})","frozenset({'REGENCY CAKESTAND 3 TIER', 'REGENCY TEA PLATE GREEN'})",0.11458333333333333,0.06944444444444445,0.052083333333333336,0.4545454545454546,6.545454545454546,0.04412615740740741,1.7060185185185186
294,frozenset({'REGENCY CAKESTAND 3 TIER'}),"frozenset({'ROSES REGENCY TEACUP AND SAUCER', 'REGENCY TEA PLATE GREEN', 'GREEN REGENCY TEACUP AND SAUCER'})",0.2465277777777778,0.052083333333333336,0.052083333333333336,0.2112676056338028,4.056338028169014,0.03924334490740741,1.2018229166666665
295,frozenset({'REGENCY TEA PLATE GREEN'}),"frozenset({'REGENCY CAKESTAND 3 TIER', 'ROSES REGENCY TEACUP AND SAUCER', 'GREEN REGENCY TEACUP AND SAUCER'})",0.0798611111111111,0.08680555555555555,0.052083333333333336,0.6521739130434784,7.5130434782608715,0.045150945216049385,2.6254340277777786
296,frozenset({'GREEN REGENCY TEACUP AND SAUCER'}),"frozenset({'REGENCY CAKESTAND 3 TIER', 'REGENCY TEA PLATE GREEN', 'ROSES REGENCY TEACUP AND SAUCER'})",0.125,0.059027777777777776,0.052083333333333336,0.4166666666666667,7.058823529411765,0.04470486111111111,1.6130952380952384
297,frozenset({'ROSES REGENCY TEACUP AND SAUCER'}),"frozenset({'REGENCY CAKESTAND 3 TIER', 'REGENCY TEA PLATE GREEN', 'GREEN REGENCY TEACUP AND SAUCER'})",0.16666666666666666,0.052083333333333336,0.052083333333333336,0.31250000000000006,6.000000000000001,0.043402777777777776,1.3787878787878787
298,"frozenset({'REGENCY CAKESTAND 3 TIER', 'REGENCY TEA PLATE ROSES', 'REGENCY TEA PLATE GREEN'})",frozenset({'ROSES REGENCY TEACUP AND SAUCER'}),0.059027777777777776,0.16666666666666666,0.052083333333333336,0.8823529411764707,5.294117647058824,0.04224537037037038,7.083333333333338
299,"frozenset({'REGENCY CAKESTAND 3 TIER', 'REGENCY TEA PLATE ROSES', 'ROSES REGENCY TEACUP AND SAUCER'})",frozenset({'REGENCY TEA PLATE GREEN'}),0.059027777777777776,0.0798611111111111,0.052083333333333336,0.8823529411764707,11.048593350383634,0.04736930941358025,7.821180555555561
300,"frozenset({'REGENCY CAKESTAND 3 TIER', 'REGENCY TEA PLATE GREEN', 'ROSES REGENCY TEACUP AND SAUCER'})",frozenset({'REGENCY TEA PLATE ROSES'}),0.059027777777777776,0.09027777777777778,0.052083333333333336,0.8823529411764707,9.773755656108598,0.04675443672839506,7.732638888888895
301,"frozenset({'REGENCY TEA PLATE ROSES', 'ROSES REGENCY TEACUP AND SAUCER', 'REGENCY TEA PLATE GREEN'})",frozenset({'REGENCY CAKESTAND 3 TIER'}),0.052083333333333336,0.2465277777777778,0.052083333333333336,1.0,4.056338028169014,0.03924334490740741,inf
302,"frozenset({'REGENCY CAKESTAND 3 TIER', 'REGENCY TEA PLATE ROSES'})","frozenset({'REGENCY TEA PLATE GREEN', 'ROSES REGENCY TEACUP AND SAUCER'})",0.06944444444444445,0.059027777777777776,0.052083333333333336,0.75,12.705882352941178,0.047984182098765434,3.763888888888889
303,"frozenset({'REGENCY CAKESTAND 3 TIER', 'REGENCY TEA PLATE GREEN'})","frozenset({'REGENCY TEA PLATE ROSES', 'ROSES REGENCY TEACUP AND SAUCER'})",0.06944444444444445,0.06597222222222222,0.052083333333333336,0.75,11.368421052631579,0.04750192901234568,3.736111111111111
304,"frozenset({'REGENCY CAKESTAND 3 TIER', 'ROSES REGENCY TEACUP AND SAUCER'})","frozenset({'REGENCY TEA PLATE ROSES', 'REGENCY TEA PLATE GREEN'})",0.1111111111111111,0.06944444444444445,0.052083333333333336,0.46875000000000006,6.750000000000001,0.04436728395061729,1.7516339869281046
305,"frozenset({'REGENCY TEA PLATE ROSES', 'REGENCY TEA PLATE GREEN'})","frozenset({'REGENCY CAKESTAND 3 TIER', 'ROSES REGENCY TEACUP AND SAUCER'})",0.06944444444444445,0.1111111111111111,0.052083333333333336,0.75,6.75,0.04436728395061729,3.5555555555555554
306,"frozenset({'REGENCY TEA PLATE ROSES', 'ROSES REGENCY TEACUP AND SAUCER'})","frozenset({'REGENCY CAKESTAND 3 TIER', 'REGENCY TEA PLATE GREEN'})",0.06597222222222222,0.06944444444444445,0.052083333333333336,0.7894736842105263,11.368421052631579,0.04750192901234568,4.420138888888889
307,"frozenset({'REGENCY TEA PLATE GREEN', 'ROSES REGENCY TEACUP AND SAUCER'})","frozenset({'REGENCY CAKESTAND 3 TIER', 'REGENCY TEA PLATE ROSES'})",0.059027777777777776,0.06944444444444445,0.052083333333333336,0.8823529411764707,12.705882352941178,0.047984182098765434,7.9097222222222285
308,frozenset({'REGENCY CAKESTAND 3 TIER'}),"frozenset({'REGENCY TEA PLATE ROSES', 'ROSES REGENCY TEACUP AND SAUCER', 'REGENCY TEA PLATE GREEN'})",0.2465277777777778,0.052083333333333336,0.052083333333333336,0.2112676056338028,4.056338028169014,0.03924334490740741,1.2018229166666665
309,frozenset({'REGENCY TEA PLATE ROSES'}),"frozenset({'REGENCY CAKESTAND 3 TIER', 'REGENCY TEA PLATE GREEN', 'ROSES REGENCY TEACUP AND SAUCER'})",0.09027777777777778,0.059027777777777776,0.052083333333333336,0.576923076923077,9.773755656108598,0.04675443672839506,2.2241161616161618
310,frozenset({'REGENCY TEA PLATE GREEN'}),"frozenset({'REGENCY CAKESTAND 3 TIER', 'REGENCY TEA PLATE ROSES', 'ROSES REGENCY TEACUP AND SAUCER'})",0.0798611111111111,0.059027777777777776,0.052083333333333336,0.6521739130434784,11.048593350383634,0.04736930941358025,2.7052951388888897
311,frozenset({'ROSES REGENCY TEACUP AND SAUCER'}),"frozenset({'REGENCY CAKESTAND 3 TIER', 'REGENCY TEA PLATE ROSES', 'REGENCY TEA PLATE GREEN'})",0.16666666666666666,0.059027777777777776,0.052083333333333336,0.31250000000000006,5.294117647058824,0.04224537037037038,1.3686868686868687
